date,close,close_-1_s,close_2_s
2015-01-23,13.63,13.63,13.95
2015-01-26,13.86,13.63,14.06
2015-01-27,13.95,13.86,13.88
2015-01-28,14.06,13.95,13.85
2015-01-29,13.88,14.06,13.86
2015-01-30,13.85,13.88,14.0
2015-02-02,13.86,13.85,13.93
2015-02-03,14.0,13.86,13.72
2015-02-04,13.93,14.0,13.25
2015-02-05,13.72,13.93,13.28
2015-02-06,13.25,13.72,13.31
2015-02-09,13.28,13.25,13.5
2015-02-10,13.31,13.28,13.68
2015-02-11,13.5,13.31,13.88
2015-02-12,13.68,13.5,13.99
2015-02-13,13.88,13.68,14.0
2015-02-16,13.99,13.88,14.15
2015-02-17,14.0,13.99,14.68
2015-02-25,14.15,14.0,14.93
2015-02-26,14.68,14.15,15.0
2015-02-27,14.93,14.68,14.99
2015-03-02,15.0,14.93,15.17
2015-03-03,14.99,15.0,15.19
2015-03-04,15.17,14.99,14.88
2015-03-05,15.19,15.17,14.98
2015-03-06,14.88,15.19,15.25
2015-03-09,14.98,14.88,15.1
2015-03-10,15.25,14.98,14.85
2015-03-11,15.1,15.25,15.16
2015-03-12,14.85,15.1,15.85
2015-03-13,15.16,14.85,15.71
2015-03-16,15.85,15.16,16.18
2015-03-17,15.71,15.85,16.3
2015-03-18,16.18,15.71,16.32
2015-03-19,16.3,16.18,16.62
2015-03-20,16.32,16.3,16.18
2015-03-23,16.62,16.32,16.41
2015-03-24,16.18,16.62,16.19
2015-03-25,16.41,16.18,16.58
2015-03-26,16.19,16.41,17.5
2015-03-27,16.58,16.19,17.77
2015-03-30,17.5,16.58,18.68
2015-03-31,17.77,17.5,18.79
2015-04-01,18.68,17.77,18.61
2015-04-02,18.79,18.68,19.14
2015-04-03,18.61,18.79,18.5
2015-04-07,19.14,18.61,17.88
2015-04-08,18.5,19.14,18.68
2015-04-09,17.88,18.5,19.45
2015-04-10,18.68,17.88,20.33
2015-04-13,19.45,18.68,19.19
2015-04-14,20.33,19.45,19.65
2015-04-15,19.19,20.33,19.35
2015-04-16,19.65,19.19,18.36
2015-04-17,19.35,19.65,18.92
2015-04-20,18.36,19.35,19.85
2015-04-21,18.92,18.36,19.91
2015-04-22,19.85,18.92,20.25
2015-04-23,19.91,19.85,20.19
2015-04-24,20.25,19.91,19.38
2015-04-27,20.19,20.25,19.89
2015-04-28,19.38,20.19,19.8
2015-04-29,19.89,19.38,20.02
2015-04-30,19.8,19.89,19.5
2015-05-04,20.02,19.8,19.14
2015-05-05,19.5,20.02,18.33
2015-05-06,19.14,19.5,19.31
2015-05-07,18.33,19.14,20.02
2015-05-08,19.31,18.33,20.11
2015-05-11,20.02,19.31,20.38
2015-05-12,20.11,20.02,21.23
2015-05-13,20.38,20.11,21.21
2015-05-14,21.23,20.38,22.58
2015-05-15,21.21,21.23,22.57
2015-05-18,22.58,21.21,24.4
2015-05-19,22.57,22.58,26.1
2015-05-20,24.4,22.57,25.81
2015-05-21,26.1,24.4,25.9
2015-05-22,25.81,26.1,26.35
2015-05-25,25.9,25.81,28.6
2015-05-26,26.35,25.9,25.75
2015-05-27,28.6,26.35,25.5
2015-05-28,25.75,28.6,27.3
2015-05-29,25.5,25.75,28.38
2015-06-01,27.3,25.5,28.43
2015-06-02,28.38,27.3,27.58
2015-06-03,28.43,28.38,28.06
2015-06-04,27.58,28.43,27.52
2015-06-05,28.06,27.58,26.71
2015-06-08,27.52,28.06,27.88
2015-06-09,26.71,27.52,28.79
2015-06-10,27.88,26.71,29.56
2015-06-11,28.79,27.88,28.16
2015-06-12,29.56,28.79,26.21
2015-06-15,28.16,29.56,26.8
2015-06-16,26.21,28.16,25.8
2015-06-17,26.8,26.21,23.79
2015-06-18,25.8,26.8,23.63
2015-06-19,23.79,25.8,24.37
2015-06-23,23.63,23.79,22.81
2015-06-24,24.37,23.63,20.53
2015-06-25,22.81,24.37,18.48
2015-06-26,20.53,22.81,19.29
2015-06-29,18.48,20.53,17.59
2015-06-30,19.29,18.48,15.83
2015-07-01,17.59,19.29,14.25
2015-07-02,15.83,17.59,13.64
2015-07-03,14.25,15.83,12.28
2015-07-06,13.64,14.25,13.0
2015-07-07,12.28,13.64,14.3
2015-07-08,13.0,12.28,15.73
2015-07-09,14.3,13.0,17.3
2015-07-10,15.73,14.3,18.03
2015-07-13,17.3,15.73,16.29
2015-07-14,18.03,17.3,17.78
2015-07-15,16.29,18.03,18.82
2015-07-16,17.78,16.29,20.7
2015-07-17,18.82,17.78,20.02
2015-07-20,20.7,18.82,19.72
2015-07-21,20.02,20.7,20.29
2015-07-22,19.72,20.02,19.23
2015-07-23,20.29,19.72,17.31
2015-07-24,19.23,20.29,18.72
2015-07-27,17.31,19.23,20.59
2015-07-28,18.72,17.31,19.45
2015-07-29,20.59,18.72,19.0
2015-07-30,19.45,20.59,19.18
2015-07-31,19.0,19.45,20.1
2015-08-03,19.18,19.0,19.37
2015-08-04,20.1,19.18,19.41
2015-08-05,19.37,20.1,20.03
2015-08-06,19.41,19.37,20.91
2015-08-07,20.03,19.41,20.59
2015-08-10,20.91,20.03,19.97
2015-08-11,20.59,20.91,20.47
2015-08-12,19.97,20.59,20.32
2015-08-13,20.47,19.97,20.73
2015-08-14,20.32,20.47,20.25
2015-08-17,20.73,20.32,20.99
2015-08-18,20.25,20.73,22.19
2015-08-19,20.99,20.25,23.13
2015-08-20,22.19,20.99,21.63
2015-08-21,23.13,22.19,19.47
2015-08-28,21.63,23.13,17.52
2015-08-31,19.47,21.63,17.17
2015-09-01,17.52,19.47,17.33
2015-09-02,17.17,17.52,18.01
2015-09-07,17.33,17.17,18.07
2015-09-08,18.01,17.33,18.39
2015-09-09,18.07,18.01,18.29
2015-09-10,18.39,18.07,18.28
2015-09-11,18.29,18.39,18.58
2015-09-14,18.28,18.29,20.28
2015-09-15,18.58,18.28,19.41
2015-09-16,20.28,18.58,19.53
2015-09-17,19.41,20.28,19.89
2015-09-18,19.53,19.41,19.73
2015-09-21,19.89,19.53,19.69
2015-09-22,19.73,19.89,20.53
2015-09-23,19.69,19.73,20.15
2015-09-24,20.53,19.69,20.5
2015-09-25,20.15,20.53,20.52
2015-09-28,20.5,20.15,20.53
2015-09-29,20.52,20.5,21.7
2015-09-30,20.53,20.52,22.23
2015-10-08,21.7,20.53,23.05
2015-10-09,22.23,21.7,23.14
2015-10-12,23.05,22.23,22.33
2015-10-13,23.14,23.05,23.05
2015-10-14,22.33,23.14,23.3
2015-10-15,23.05,22.33,23.8
2015-10-16,23.3,23.05,25.2
2015-10-19,23.8,23.3,22.69
2015-10-20,25.2,23.8,24.16
2015-10-21,22.69,25.2,24.46
2015-10-22,24.16,22.69,24.1
2015-10-23,24.46,24.16,24.2
2015-10-26,24.1,24.46,23.42
2015-10-27,24.2,24.1,23.78
2015-10-28,23.42,24.2,23.61
2015-10-29,23.78,23.42,24.05
2015-10-30,23.61,23.78,25.0
2015-11-02,24.05,23.61,25.47
2015-11-03,25.0,24.05,24.73
2015-11-04,25.47,25.0,24.81
2015-11-05,24.73,25.47,25.0
2015-11-06,24.81,24.73,25.27
2015-11-09,25.0,24.81,25.32
2015-11-10,25.27,25.0,25.04
2015-11-11,25.32,25.27,25.1
2015-11-12,25.04,25.32,25.6
2015-11-13,25.1,25.04,24.25
2015-11-16,25.6,25.1,22.73
2015-11-17,24.25,25.6,23.25
2015-11-18,22.73,24.25,23.14
2015-11-19,23.25,22.73,23.05
2015-11-20,23.14,23.25,23.2
2015-11-23,23.05,23.14,23.68
2015-11-24,23.2,23.05,23.33
2015-11-25,23.68,23.2,21.28
2015-11-26,23.33,23.68,22.05
2015-11-27,21.28,23.33,22.2
2015-11-30,22.05,21.28,22.3
2015-12-01,22.2,22.05,22.67
2015-12-02,22.3,22.2,22.56
2015-12-03,22.67,22.3,22.84
2015-12-04,22.56,22.67,22.44
2015-12-07,22.84,22.56,22.39
2015-12-08,22.44,22.84,22.52
2015-12-09,22.39,22.44,22.35
2015-12-10,22.52,22.39,23.0
2015-12-11,22.35,22.52,22.99
2015-12-14,23.0,22.35,23.42
2015-12-15,22.99,23.0,24.53
2015-12-16,23.42,22.99,24.16
2015-12-17,24.53,23.42,24.1
2015-12-18,24.16,24.53,24.0
2015-12-21,24.1,24.16,23.93
2015-12-22,24.0,24.1,23.9
2015-12-23,23.93,24.0,24.05
2015-12-24,23.9,23.93,23.35
2015-12-25,24.05,23.9,23.3
2015-12-28,23.35,24.05,23.43
2015-12-29,23.3,23.35,23.5
2015-12-30,23.43,23.3,21.19
2015-12-31,23.5,23.43,20.19
2016-01-04,21.19,23.5,20.91
2016-01-05,20.19,21.19,20.0
2016-01-06,20.91,20.19,20.45
2016-01-07,20.0,20.91,19.19
2016-01-08,20.45,20.0,18.47
2016-01-11,19.19,20.45,17.1
2016-01-12,18.47,19.19,17.76
2016-01-13,17.1,18.47,15.99
2016-01-14,17.76,17.1,16.17
2016-01-15,15.99,17.76,16.86
2016-01-18,16.17,15.99,17.18
2016-01-19,16.86,16.17,16.3
2016-01-20,17.18,16.86,17.07
2016-01-21,16.3,17.18,17.25
2016-01-22,17.07,16.3,15.9
2016-01-25,17.25,17.07,16.3
2016-01-26,15.9,17.25,15.9
2016-01-27,16.3,15.9,16.18
2016-01-28,15.9,16.3,16.0
2016-01-29,16.18,15.9,16.5
2016-02-01,16.0,16.18,16.54
2016-02-02,16.5,16.0,16.8
2016-02-03,16.54,16.5,16.66
2016-02-04,16.8,16.54,16.76
2016-02-05,16.66,16.8,17.33
2016-02-15,16.76,16.66,17.34
2016-02-16,17.33,16.76,17.31
2016-02-17,17.34,17.33,17.32
2016-02-18,17.31,17.34,18.1
2016-02-19,17.32,17.31,18.64
2016-02-22,18.1,17.32,17.96
2016-02-23,18.64,18.1,16.16
2016-02-24,17.96,18.64,16.31
2016-02-25,16.16,17.96,15.29
2016-02-26,16.31,16.16,15.64
2016-02-29,15.29,16.31,16.6
2016-03-01,15.64,15.29,16.36
2016-03-02,16.6,15.64,15.56
2016-03-03,16.36,16.6,16.05
2016-03-04,15.56,16.36,16.39
2016-03-07,16.05,15.56,16.18
2016-03-08,16.39,16.05,15.94
2016-03-09,16.18,16.39,15.93
2016-03-10,15.94,16.18,16.24
2016-03-11,15.93,15.94,16.28
2016-03-14,16.24,15.93,16.52
2016-03-15,16.28,16.24,17.53
2016-03-16,16.52,16.28,17.61
2016-03-17,17.53,16.52,17.82
2016-03-18,17.61,17.53,17.84
2016-03-21,17.82,17.61,18.06
2016-03-22,17.84,17.82,17.9
2016-03-23,18.06,17.84,18.25
2016-03-24,17.9,18.06,18.06
2016-03-25,18.25,17.9,17.36
2016-03-28,18.06,18.25,18.1
2016-03-29,17.36,18.06,18.09
2016-03-30,18.1,17.36,17.9
2016-03-31,18.09,18.1,18.61
2016-04-01,17.9,18.09,18.68
2016-04-05,18.61,17.9,18.2
2016-04-06,18.68,18.61,17.9
2016-04-07,18.2,18.68,18.45
2016-04-08,17.9,18.2,19.0
2016-04-11,18.45,17.9,19.0
2016-04-12,19.0,18.45,19.4
2016-04-13,19.0,19.0,19.27
2016-04-14,19.4,19.0,18.81
2016-04-15,19.27,19.4,19.11
2016-04-18,18.81,19.27,18.24
2016-04-19,19.11,18.81,18.1
2016-04-20,18.24,19.11,18.19
2016-04-21,18.1,18.24,18.15
2016-04-22,18.19,18.1,18.41
2016-04-25,18.15,18.19,18.42
2016-04-26,18.41,18.15,18.38
2016-04-27,18.42,18.41,18.55
2016-04-28,18.38,18.42,19.36
2016-04-29,18.55,18.38,19.32
2016-05-03,19.36,18.55,19.23
2016-05-04,19.32,19.36,19.08
2016-05-05,19.23,19.32,18.11
2016-05-06,19.08,19.23,17.9
2016-05-09,18.11,19.08,19.05
2016-05-10,17.9,18.11,18.77
2016-05-11,19.05,17.9,18.44
2016-05-12,18.77,19.05,18.64
2016-05-13,18.44,18.77,18.62
2016-05-16,18.64,18.44,17.73
2016-05-17,18.62,18.64,17.99
2016-05-18,17.73,18.62,18.09
2016-05-19,17.99,17.73,18.22
2016-05-20,18.09,17.99,18.28
2016-05-23,18.22,18.09,19.0
2016-05-24,18.28,18.22,19.69
2016-05-25,19.0,18.28,19.16
2016-05-26,19.69,19.0,18.62
2016-05-27,19.16,19.69,19.37
2016-05-30,18.62,19.16,19.31
2016-05-31,19.37,18.62,19.32
2016-06-01,19.31,19.37,19.33
2016-06-02,19.32,19.31,19.81
2016-06-03,19.33,19.32,19.89
2016-06-06,19.81,19.33,20.09
2016-06-07,19.89,19.81,18.95
2016-06-08,20.09,19.89,19.3
2016-06-13,18.95,20.09,20.7
2016-06-14,19.3,18.95,20.82
2016-06-15,20.7,19.3,22.0
2016-06-16,20.82,20.7,22.18
2016-06-17,22.0,20.82,21.75
2016-07-04,22.18,22.0,22.19
2016-07-05,21.75,22.18,21.69
2016-07-06,22.19,21.75,21.69
2016-07-07,21.69,22.19,21.34
2016-07-08,21.69,21.69,21.8
2016-07-11,21.34,21.69,21.64
2016-07-12,21.8,21.34,21.57
2016-07-13,21.64,21.8,21.23
2016-07-14,21.57,21.64,20.69
2016-07-15,21.23,21.57,21.75
2016-07-18,20.69,21.23,21.53
2016-07-19,21.75,20.69,21.47
2016-07-20,21.53,21.75,21.08
2016-07-21,21.47,21.53,20.85
2016-07-22,21.08,21.47,21.32
2016-07-25,20.85,21.08,21.58
2016-07-26,21.32,20.85,22.15
2016-07-27,21.58,21.32,22.68
2016-07-28,22.15,21.58,21.67
2016-07-29,22.68,22.15,22.57
2016-08-01,21.67,22.68,22.11
2016-08-02,22.57,21.67,21.79
2016-08-03,22.11,22.57,21.6
2016-08-04,21.79,22.11,21.36
2016-08-05,21.6,21.79,21.44
2016-08-08,21.36,21.6,21.5
2016-08-09,21.44,21.36,21.6
2016-08-10,21.5,21.44,21.78
2016-08-11,21.6,21.5,20.94
2016-08-12,21.78,21.6,21.28
2016-10-10,20.94,21.78,20.84
2016-10-11,21.28,20.94,21.91
2016-10-12,20.84,21.28,21.68
2016-10-13,21.91,20.84,20.85
2016-10-14,21.68,21.91,21.16
2016-10-17,20.85,21.68,21.06
2016-10-18,21.16,20.85,20.93
2016-10-19,21.06,21.16,20.89
2016-10-20,20.93,21.06,20.9
2016-10-21,20.89,20.93,21.69
2016-10-24,20.9,20.89,22.01
2016-10-25,21.69,20.9,21.71
2016-10-26,22.01,21.69,21.32
2016-10-27,21.71,22.01,22.07
2016-10-28,21.32,21.71,22.74
2016-10-31,22.07,21.32,22.64
2016-11-01,22.74,22.07,22.96
2016-11-02,22.64,22.74,23.36
2016-11-03,22.96,22.64,25.0
2016-11-04,23.36,22.96,25.15
2016-11-07,25.0,23.36,24.84
2016-11-08,25.15,25.0,25.5
2016-11-09,24.84,25.15,24.9
2016-11-10,25.5,24.84,27.39
2016-11-11,24.9,25.5,30.13
2016-11-28,27.39,24.9,33.14
2016-11-29,30.13,27.39,33.0
2016-11-30,33.14,30.13,29.7
2016-12-01,33.0,33.14,28.77
2016-12-02,29.7,33.0,30.11
2016-12-05,28.77,29.7,32.49
2016-12-06,30.11,28.77,31.97
2016-12-07,32.49,30.11,31.7
2016-12-08,31.97,32.49,28.53
2016-12-09,31.7,31.97,30.13
2016-12-12,28.53,31.7,28.91
2016-12-13,30.13,28.53,30.78
2016-12-14,28.91,30.13,31.8
2016-12-15,30.78,28.91,30.2
2016-12-16,31.8,30.78,30.08
2016-12-19,30.2,31.8,29.22
2016-12-20,30.08,30.2,29.0
2016-12-21,29.22,30.08,27.99
2016-12-22,29.0,29.22,28.02
2016-12-23,27.99,29.0,28.03
2016-12-26,28.02,27.99,28.64
2016-12-27,28.03,28.02,28.37
2016-12-28,28.64,28.03,27.95
2016-12-29,28.37,28.64,27.91
2016-12-30,27.95,28.37,28.67
2017-01-03,27.91,27.95,28.32
2017-01-04,28.67,27.91,28.17
2017-01-05,28.32,28.67,29.08
2017-01-06,28.17,28.32,29.22
2017-01-09,29.08,28.17,30.5
2017-01-10,29.22,29.08,30.06
2017-01-11,30.5,29.22,30.75
2017-01-12,30.06,30.5,27.68
2017-01-13,30.75,30.06,27.03
2017-01-16,27.68,30.75,27.59
2017-01-17,27.03,27.68,27.4
2017-01-18,27.59,27.03,27.4
2017-01-19,27.4,27.59,27.69
2017-01-20,27.4,27.4,26.7
2017-01-23,27.69,27.4,27.05
2017-01-24,26.7,27.69,27.05
2017-01-25,27.05,26.7,27.15
2017-01-26,27.05,27.05,27.69
2017-02-03,27.15,27.05,27.49
2017-02-06,27.69,27.15,27.29
2017-02-07,27.49,27.69,27.36
2017-02-08,27.29,27.49,27.08
2017-02-09,27.36,27.29,27.06
2017-02-10,27.08,27.36,27.1
2017-02-13,27.06,27.08,27.12
2017-02-14,27.1,27.06,26.99
2017-02-15,27.12,27.1,28.17
2017-02-16,26.99,27.12,28.73
2017-02-17,28.17,26.99,28.19
2017-02-20,28.73,28.17,27.79
2017-02-21,28.19,28.73,27.15
2017-02-22,27.79,28.19,27.17
2017-02-23,27.15,27.79,26.76
2017-02-24,27.17,27.15,27.9
2017-02-27,26.76,27.17,27.69
2017-02-28,27.9,26.76,27.19
2017-03-01,27.69,27.9,27.88
2017-03-02,27.19,27.69,27.39
2017-03-03,27.88,27.19,27.43
2017-03-06,27.39,27.88,27.51
2017-03-07,27.43,27.39,27.3
2017-03-08,27.51,27.43,27.27
2017-03-09,27.3,27.51,27.07
2017-03-10,27.27,27.3,27.27
2017-03-13,27.07,27.27,27.25
2017-03-14,27.27,27.07,27.25
2017-03-15,27.25,27.27,27.0
2017-03-16,27.25,27.25,27.25
2017-03-17,27.0,27.25,27.04
2017-03-20,27.25,27.0,27.02
2017-03-21,27.04,27.25,27.58
2017-03-22,27.02,27.04,27.3
2017-03-23,27.58,27.02,27.05
2017-03-24,27.3,27.58,26.83
2017-03-27,27.05,27.3,26.85
2017-03-28,26.83,27.05,24.72
2017-03-29,26.85,26.83,24.78
2017-03-30,24.72,26.85,25.26
2017-03-31,24.78,24.72,25.76
2017-04-05,25.26,24.78,25.43
2017-04-06,25.76,25.26,25.49
2017-04-07,25.43,25.76,24.88
2017-04-10,25.49,25.43,23.59
2017-04-11,24.88,25.49,23.15
2017-04-12,23.59,24.88,22.58
2017-04-13,23.15,23.59,23.39
2017-04-14,22.58,23.15,23.36
2017-04-17,23.39,22.58,22.03
2017-04-18,23.36,23.39,21.0
2017-04-19,22.03,23.36,21.02
2017-04-20,21.0,22.03,21.15
2017-04-21,21.02,21.0,21.08
2017-04-24,21.15,21.02,21.06
2017-04-25,21.08,21.15,20.82
2017-04-26,21.06,21.08,21.1
2017-04-27,20.82,21.06,21.3
2017-04-28,21.1,20.82,21.71
2017-05-02,21.3,21.1,21.86
2017-05-03,21.71,21.3,23.78
2017-05-04,21.86,21.71,22.78
2017-05-05,23.78,21.86,16.71
2017-05-08,22.78,23.78,17.37
2017-11-01,16.71,22.78,15.63
2017-11-02,17.37,16.71,15.88
2017-11-03,15.63,17.37,15.59
2017-11-06,15.88,15.63,15.32
2017-11-07,15.59,15.88,14.95
2017-11-08,15.32,15.59,14.41
2017-11-09,14.95,15.32,14.01
2017-11-10,14.41,14.95,15.41
2017-11-13,14.01,14.41,16.2
2017-11-14,15.41,14.01,15.71
2017-11-15,16.2,15.41,15.23
2017-11-16,15.71,16.2,15.97
2017-11-17,15.23,15.71,15.83
2017-11-20,15.97,15.23,16.0
2017-11-21,15.83,15.97,15.75
2017-11-22,16.0,15.83,15.8
2017-11-23,15.75,16.0,15.8
2017-11-24,15.8,15.75,15.62
2017-11-27,15.8,15.8,15.65
2017-11-28,15.62,15.8,15.43
2017-11-29,15.65,15.62,15.34
2017-11-30,15.43,15.65,15.33
2017-12-01,15.34,15.43,14.98
2017-12-04,15.33,15.34,14.69
2017-12-05,14.98,15.33,14.91
2017-12-06,14.69,14.98,14.8
2017-12-07,14.91,14.69,14.89
2017-12-08,14.8,14.91,14.67
2017-12-11,14.89,14.8,14.51
2017-12-12,14.67,14.89,14.44
2017-12-13,14.51,14.67,14.51
2017-12-14,14.44,14.51,14.54
2017-12-15,14.51,14.44,14.92
2017-12-18,14.54,14.51,15.92
2017-12-19,14.92,14.54,15.59
2017-12-20,15.92,14.92,15.76
2017-12-21,15.59,15.92,16.04
2017-12-22,15.76,15.59,15.92
2017-12-25,16.04,15.76,15.76
2017-12-26,15.92,16.04,15.83
2017-12-27,15.76,15.92,15.58
2017-12-28,15.83,15.76,15.88
2017-12-29,15.58,15.83,15.98
2018-01-02,15.88,15.58,16.5
2018-01-03,15.98,15.88,15.31
2018-01-04,16.5,15.98,14.89
2018-03-05,15.31,16.5,14.36
2018-03-06,14.89,15.31,14.39
2018-03-07,14.36,14.89,14.65
2018-03-08,14.39,14.36,15.13
2018-03-09,14.65,14.39,14.84
2018-03-12,15.13,14.65,14.69
2018-03-13,14.84,15.13,14.47
2018-03-14,14.69,14.84,14.49
2018-03-15,14.47,14.69,14.48
2018-03-16,14.49,14.47,14.44
2018-03-19,14.48,14.49,14.21
2018-03-20,14.44,14.48,14.27
2018-03-21,14.21,14.44,12.84
2018-03-22,14.27,14.21,12.56
2018-03-23,12.84,14.27,13.82
2018-03-26,12.56,12.84,14.0
2018-03-27,13.82,12.56,13.85
2018-03-28,14.0,13.82,14.16
2018-03-29,13.85,14.0,13.83
2018-03-30,14.16,13.85,13.83
2018-04-02,13.83,14.16,14.0
2018-04-03,13.83,13.83,14.39
2018-04-04,14.0,13.83,14.23
2018-04-09,14.39,14.0,14.23
2018-04-10,14.23,14.39,14.3
2018-04-11,14.23,14.23,14.27
2018-04-12,14.3,14.23,14.18
2018-04-13,14.27,14.3,14.22
2018-04-16,14.18,14.27,14.29
2018-04-17,14.22,14.18,14.27
2018-04-18,14.29,14.22,13.89
2018-04-19,14.27,14.29,13.24
2018-04-20,13.89,14.27,14.23
2018-04-23,13.24,13.89,14.13
2018-04-24,14.23,13.24,13.88
2018-04-25,14.13,14.23,14.17
2018-04-26,13.88,14.13,14.06
2018-04-27,14.17,13.88,14.22
2018-05-02,14.06,14.17,14.06
2018-05-03,14.22,14.06,14.2
2018-05-04,14.06,14.22,14.25
2018-05-07,14.2,14.06,14.35
2018-05-08,14.25,14.2,14.3
2018-05-09,14.35,14.25,14.51
2018-05-10,14.3,14.35,14.36
2018-05-11,14.51,14.3,14.2
2018-05-14,14.36,14.51,14.19
2018-05-15,14.2,14.36,14.25
2018-05-16,14.19,14.2,14.14
2018-05-17,14.25,14.19,14.29
2018-05-18,14.14,14.25,14.4
2018-05-21,14.29,14.14,15.29
2018-05-22,14.4,14.29,16.82
2018-05-23,15.29,14.4,16.65
2018-05-24,16.82,15.29,16.74
2018-05-25,16.65,16.82,17.01
2018-05-28,16.74,16.65,16.85
2018-05-29,17.01,16.74,18.44
2018-05-30,16.85,17.01,19.12
2018-05-31,18.44,16.85,18.47
2018-06-01,19.12,18.44,19.33
2018-06-04,18.47,19.12,19.49
2018-06-05,19.33,18.47,17.54
2018-06-06,19.49,19.33,17.39
2018-07-06,17.54,19.49,19.11
2018-07-09,17.39,17.54,17.99
2018-07-10,19.11,17.39,17.66
2018-07-11,17.99,19.11,17.45
2018-07-12,17.66,17.99,16.99
2018-07-13,17.45,17.66,17.12
2018-07-16,16.99,17.45,18.83
2018-07-17,17.12,16.99,19.8
2018-07-18,18.83,17.12,18.81
2018-07-19,19.8,18.83,18.28
2018-07-20,18.81,19.8,18.29
2018-07-23,18.28,18.81,18.19
2018-07-24,18.29,18.28,18.89
2018-07-25,18.19,18.29,18.34
2018-07-26,18.89,18.19,18.11
2018-07-27,18.34,18.89,18.46
2018-07-30,18.11,18.34,18.26
2018-07-31,18.46,18.11,17.57
2018-08-01,18.26,18.46,17.1
2018-08-02,17.57,18.26,17.27
2018-08-03,17.1,17.57,17.47
2018-08-06,17.27,17.1,17.04
2018-08-07,17.47,17.27,17.23
2018-08-08,17.04,17.47,17.31
2018-08-09,17.23,17.04,17.08
2018-08-10,17.31,17.23,17.29
2018-08-13,17.08,17.31,16.82
2018-08-14,17.29,17.08,16.65
2018-08-15,16.82,17.29,16.81
2018-08-16,16.65,16.82,17.48
2018-08-17,16.81,16.65,17.38
2018-08-20,17.48,16.81,17.14
2018-08-21,17.38,17.48,17.15
2018-08-22,17.14,17.38,17.1
2018-08-23,17.15,17.14,17.19
2018-08-24,17.1,17.15,17.87
2018-08-27,17.19,17.1,17.35
2018-08-28,17.87,17.19,17.7
2018-08-29,17.35,17.87,17.78
2018-08-30,17.7,17.35,18.03
2018-08-31,17.78,17.7,17.8
2018-09-03,18.03,17.78,17.38
2018-09-04,17.8,18.03,17.14
2018-09-05,17.38,17.8,16.84
2018-09-06,17.14,17.38,17.23
2018-09-07,16.84,17.14,17.15
2018-09-10,17.23,16.84,17.23
2018-09-11,17.15,17.23,17.16
2018-09-12,17.23,17.15,16.93
2018-09-13,17.16,17.23,16.84
2018-09-14,16.93,17.16,16.3
2018-09-17,16.84,16.93,16.41
2018-09-18,16.3,16.84,16.19
2018-09-19,16.41,16.3,16.28
2018-09-20,16.19,16.41,16.81
2018-09-21,16.28,16.19,16.5
2018-09-25,16.81,16.28,16.01
2018-09-26,16.5,16.81,15.46
2018-09-27,16.01,16.5,14.71
2018-09-28,15.46,16.01,14.81
2018-10-08,14.71,15.46,14.97
2018-10-09,14.81,14.71,13.5
2018-10-10,14.97,14.81,13.14
2018-10-11,13.5,14.97,13.5
2018-10-12,13.14,13.5,13.57
2018-10-15,13.5,13.14,14.13
2018-10-16,13.57,13.5,14.13
2018-10-17,14.13,13.57,14.38
2018-10-18,14.13,14.13,14.8
2018-10-19,14.38,14.13,14.36
2018-10-22,14.8,14.38,14.58
2018-10-23,14.36,14.8,14.88
2018-10-24,14.58,14.36,15.15
2018-10-25,14.88,14.58,15.31
2018-10-26,15.15,14.88,15.59
2018-10-29,15.31,15.15,15.93
2018-10-30,15.59,15.31,17.15
2018-10-31,15.93,15.59,17.36
2018-11-01,17.15,15.93,17.22
2018-11-02,17.36,17.15,17.2
2018-11-05,17.22,17.36,16.63
2018-11-06,17.2,17.22,17.0
2018-11-07,16.63,17.2,17.63
2018-11-08,17.0,16.63,17.63
2018-11-09,17.63,17.0,17.53
2018-11-12,17.63,17.63,17.29
2018-11-13,17.53,17.63,17.42
2018-11-14,17.29,17.53,15.91
2018-11-15,17.42,17.29,16.75
2018-11-16,15.91,17.42,16.78
2018-11-19,16.75,15.91,16.46
2018-11-20,16.78,16.75,17.8
2018-11-21,16.46,16.78,17.79
2018-11-22,17.8,16.46,17.5
2018-11-23,17.79,17.8,17.4
2018-11-26,17.5,17.79,16.89
2018-11-27,17.4,17.5,18.14
2018-11-28,16.89,17.4,18.13
2018-11-29,18.14,16.89,19.18
2018-11-30,18.13,18.14,18.95
2018-12-03,19.18,18.13,18.67
2018-12-04,18.95,19.18,18.61
2018-12-05,18.67,18.95,18.75
2018-12-06,18.61,18.67,18.66
2018-12-07,18.75,18.61,18.64
2018-12-10,18.66,18.75,18.55
2018-12-11,18.64,18.66,18.45
2018-12-12,18.55,18.64,18.45
2018-12-13,18.45,18.55,17.86
2018-12-14,18.45,18.45,18.06
2018-12-17,17.86,18.45,17.82
2018-12-18,18.06,17.86,17.75
2018-12-19,17.82,18.06,17.46
2018-12-20,17.75,17.82,17.3
2018-12-21,17.46,17.75,17.18
2018-12-24,17.3,17.46,17.19
2018-12-25,17.18,17.3,16.85
2018-12-26,17.19,17.18,16.94
2018-12-27,16.85,17.19,17.37
2018-12-28,16.94,16.85,17.21
2019-01-02,17.37,16.94,18.57
2019-01-03,17.21,17.37,19.14
2019-01-04,18.57,17.21,19.45
2019-01-07,19.14,18.57,19.29
2019-01-08,19.45,19.14,20.69
2019-01-09,19.29,19.45,20.82
2019-01-10,20.69,19.29,20.72
2019-01-11,20.82,20.69,20.53
2019-01-14,20.72,20.82,20.38
2019-01-15,20.53,20.72,20.4
2019-01-16,20.38,20.53,20.51
2019-01-17,20.4,20.38,20.2
2019-01-18,20.51,20.4,20.15
2019-01-21,20.2,20.51,20.0
2019-01-22,20.15,20.2,20.05
2019-01-23,20.0,20.15,20.04
2019-01-24,20.05,20.0,21.88
2019-01-25,20.04,20.05,21.67
2019-01-28,21.88,20.04,21.5
2019-01-29,21.67,21.88,20.86
2019-01-30,21.5,21.67,21.2
2019-01-31,20.86,21.5,21.33
2019-02-01,21.2,20.86,21.36
2019-02-11,21.33,21.2,21.37
2019-02-12,21.36,21.33,21.38
2019-02-13,21.37,21.36,21.46
2019-02-14,21.38,21.37,21.46
2019-02-15,21.46,21.38,21.09
2019-02-18,21.46,21.46,20.96
2019-02-19,21.09,21.46,21.31
2019-02-20,20.96,21.09,23.44
2019-02-21,21.31,20.96,23.34
2019-02-22,23.44,21.31,22.32
2019-02-25,23.34,23.44,22.94
2019-02-26,22.32,23.34,22.53
2019-02-27,22.94,22.32,22.09
2019-02-28,22.53,22.94,22.15
2019-03-01,22.09,22.53,22.28
2019-03-04,22.15,22.09,22.17
2019-03-05,22.28,22.15,22.9
2019-03-06,22.17,22.28,22.0
2019-03-07,22.9,22.17,23.0
2019-03-08,22.0,22.9,22.52
2019-03-11,23.0,22.0,22.68
2019-03-12,22.52,23.0,22.8
2019-03-13,22.68,22.52,22.8
2019-03-14,22.8,22.68,25.0
2019-03-15,22.8,22.8,23.7
2019-03-18,25.0,22.8,23.58
2019-03-19,23.7,25.0,23.56
2019-03-20,23.58,23.7,23.9
2019-03-21,23.56,23.58,23.43
2019-03-22,23.9,23.56,23.28
2019-03-25,23.43,23.9,23.62
2019-03-26,23.28,23.43,23.5
2019-03-27,23.62,23.28,23.95
2019-03-28,23.5,23.62,24.21
2019-03-29,23.95,23.5,24.57
2019-04-01,24.21,23.95,24.51
2019-04-02,24.57,24.21,24.23
2019-04-03,24.51,24.57,24.13
2019-04-04,24.23,24.51,24.0
2019-04-08,24.13,24.23,23.93
2019-04-09,24.0,24.13,24.11
2019-04-10,23.93,24.0,23.02
2019-04-11,24.11,23.93,22.38
2019-04-12,23.02,24.11,22.37
2019-04-15,22.38,23.02,22.79
2019-04-16,22.37,22.38,22.71
2019-04-17,22.79,22.37,22.39
2019-04-18,22.71,22.79,22.06
2019-04-19,22.39,22.71,21.46
2019-04-22,22.06,22.39,20.8
2019-04-23,21.46,22.06,21.05
2019-04-24,20.8,21.46,20.79
2019-04-25,21.05,20.8,20.84
2019-04-26,20.79,21.05,21.38
2019-04-29,20.84,20.79,20.62
2019-04-30,21.38,20.84,21.16
2019-05-06,20.62,21.38,21.09
2019-05-07,21.16,20.62,20.87
2019-05-08,21.09,21.16,21.5
2019-05-09,20.87,21.09,21.51
2019-05-10,21.5,20.87,21.41
2019-05-13,21.51,21.5,22.87
2019-05-14,21.41,21.51,23.14
2019-05-15,22.87,21.41,22.7
2019-05-16,23.14,22.87,22.51
2019-05-17,22.7,23.14,22.66
2019-05-20,22.51,22.7,22.67
2019-05-21,22.66,22.51,22.16
2019-05-22,22.67,22.66,21.6
2019-05-23,22.16,22.67,21.9
2019-05-24,21.6,22.16,22.57
2019-05-27,21.9,21.6,22.11
2019-05-28,22.57,21.9,21.36
2019-05-29,22.11,22.57,21.48
2019-05-30,21.36,22.11,21.48
2019-05-31,21.48,21.36,21.51
2019-06-03,21.48,21.48,21.69
2019-06-04,21.51,21.48,21.49
2019-06-05,21.69,21.51,21.65
2019-06-06,21.49,21.69,22.26
2019-06-10,21.65,21.49,22.25
2019-06-11,22.26,21.65,22.3
2019-06-12,22.25,22.26,12.69
2019-06-13,22.3,22.25,12.53
2019-06-14,12.69,22.3,12.96
2019-06-17,12.53,12.69,12.83
2019-06-18,12.96,12.53,12.93
2019-06-19,12.83,12.96,12.99
2019-06-20,12.93,12.83,12.97
2019-06-21,12.99,12.93,12.93
2019-06-24,12.97,12.99,12.85
2019-06-25,12.93,12.97,13.05
2019-06-26,12.85,12.93,13.08
2019-06-27,13.05,12.85,13.39
2019-06-28,13.08,13.05,13.38
2019-07-01,13.39,13.08,13.43
2019-07-02,13.38,13.39,13.39
2019-07-03,13.43,13.38,13.4
2019-07-04,13.39,13.43,13.35
2019-07-05,13.4,13.39,13.39
2019-07-08,13.35,13.4,13.25
2019-07-09,13.39,13.35,12.76
2019-07-10,13.25,13.39,12.9
2019-07-11,12.76,13.25,13.09
2019-07-12,12.9,12.76,13.27
2019-07-15,13.09,12.9,13.05
2019-07-16,13.27,13.09,12.84
2019-07-17,13.05,13.27,12.94
2019-07-18,12.84,13.05,12.66
2019-07-19,12.94,12.84,12.88
2019-07-22,12.66,12.94,13.06
2019-07-23,12.88,12.66,13.06
2019-07-24,13.06,12.88,13.26
2019-07-25,13.06,13.06,13.26
2019-07-26,13.26,13.06,13.24
2019-07-29,13.26,13.26,13.21
2019-07-30,13.24,13.26,13.17
2019-07-31,13.21,13.24,12.98
2019-08-01,13.17,13.21,12.86
2019-08-02,12.98,13.17,12.6
2019-08-05,12.86,12.98,12.61
2019-08-06,12.6,12.86,12.5
2019-08-07,12.61,12.6,12.21
2019-08-08,12.5,12.61,12.04
2019-08-09,12.21,12.5,11.61
2019-08-12,12.04,12.21,12.05
2019-08-13,11.61,12.04,11.92
2019-08-14,12.05,11.61,11.73
2019-08-15,11.92,12.05,12.2
2019-08-16,11.73,11.92,12.26
2019-08-19,12.2,11.73,12.18
2019-08-20,12.26,12.2,12.48
2019-08-21,12.18,12.26,12.44
2019-08-22,12.48,12.18,12.4
2019-08-23,12.44,12.48,12.38
2019-08-26,12.4,12.44,12.62
2019-08-27,12.38,12.4,12.47
2019-08-28,12.62,12.38,12.34
2019-08-29,12.47,12.62,12.65
2019-08-30,12.34,12.47,12.79
2019-09-02,12.65,12.34,12.77
2019-09-03,12.79,12.65,12.76
2019-09-04,12.77,12.79,12.62
2019-09-05,12.76,12.77,12.92
2019-09-06,12.62,12.76,13.13
2019-09-09,12.92,12.62,12.96
2019-09-10,13.13,12.92,12.94
2019-09-11,12.96,13.13,13.04
2019-09-12,12.94,12.96,12.79
2019-09-16,13.04,12.94,12.81
2019-09-17,12.79,13.04,12.89
2019-09-18,12.81,12.79,12.8
2019-09-19,12.89,12.81,12.76
2019-09-20,12.8,12.89,12.61
2019-09-23,12.76,12.8,12.47
2019-09-24,12.61,12.76,12.2
2019-09-25,12.47,12.61,12.11
2019-09-26,12.2,12.47,12.2
2019-09-27,12.11,12.2,12.17
2019-09-30,12.2,12.11,12.34
2019-10-08,12.17,12.2,12.3
2019-10-09,12.34,12.17,12.46
2019-10-10,12.3,12.34,12.4
2019-10-11,12.46,12.3,12.28
2019-10-14,12.4,12.46,12.18
2019-10-15,12.28,12.4,12.29
2019-10-16,12.18,12.28,12.24
2019-10-17,12.29,12.18,12.1
2019-10-18,12.24,12.29,12.57
2019-10-21,12.1,12.24,12.51
2019-10-22,12.57,12.1,12.63
2019-10-23,12.51,12.57,12.77
2019-10-24,12.63,12.51,12.7
2019-10-25,12.77,12.63,12.54
2019-10-28,12.7,12.77,12.44
2019-10-29,12.54,12.7,12.18
2019-10-30,12.44,12.54,11.83
2019-10-31,12.18,12.44,11.63
2019-11-01,11.83,12.18,11.61
2019-11-04,11.63,11.83,11.65
2019-11-05,11.61,11.63,11.99
2019-11-06,11.65,11.61,11.86
2019-11-07,11.99,11.65,11.86
2019-11-08,11.86,11.99,11.67
2019-11-11,11.86,11.86,11.68
2019-11-12,11.67,11.86,11.61
2019-11-13,11.68,11.67,11.36
2019-11-14,11.61,11.68,12.02
2019-11-15,11.36,11.61,11.83
2019-11-18,12.02,11.36,11.61
2019-11-19,11.83,12.02,11.69
2019-11-20,11.61,11.83,11.53
2019-11-21,11.69,11.61,11.28
2019-11-22,11.53,11.69,11.18
2019-11-25,11.28,11.53,11.32
2019-11-26,11.18,11.28,11.34
2019-11-27,11.32,11.18,11.53
2019-11-28,11.34,11.32,11.45
2019-11-29,11.53,11.34,11.32
2019-12-02,11.45,11.53,11.25
2019-12-03,11.32,11.45,11.41
2019-12-04,11.25,11.32,11.41
2019-12-05,11.41,11.25,11.32
2019-12-06,11.41,11.41,11.19
2019-12-09,11.32,11.41,11.2
2019-12-10,11.19,11.32,11.21
2019-12-11,11.2,11.19,11.36
2019-12-12,11.21,11.2,11.3
2019-12-13,11.36,11.21,11.39
2019-12-16,11.3,11.36,11.28
2019-12-17,11.39,11.3,11.47
2019-12-18,11.28,11.39,11.38
2019-12-19,11.47,11.28,11.24
2019-12-20,11.38,11.47,11.22
2019-12-23,11.24,11.38,11.27
2019-12-24,11.22,11.24,11.3
2019-12-25,11.27,11.22,11.11
2019-12-26,11.3,11.27,11.03
2019-12-27,11.11,11.3,10.95
2019-12-30,11.03,11.11,11.44
2019-12-31,10.95,11.03,11.28
2020-01-02,11.44,10.95,11.23
2020-01-03,11.28,11.44,11.35
2020-01-06,11.23,11.28,11.33
2020-01-07,11.35,11.23,11.45
2020-01-08,11.33,11.35,11.51
2020-01-09,11.45,11.33,11.47
2020-01-10,11.51,11.45,12.62
2020-01-13,11.47,11.51,12.07
2020-01-14,12.62,11.47,12.06
2020-01-15,12.07,12.62,12.18
2020-01-16,12.06,12.07,12.0
2020-01-17,12.18,12.06,11.76
2020-01-20,12.0,12.18,11.59
2020-01-21,11.76,12.0,11.05
2020-01-22,11.59,11.76,9.95
2020-01-23,11.05,11.59,9.4
2020-02-03,9.95,11.05,9.63
2020-02-04,9.4,9.95,10.59
2020-02-05,9.63,9.4,10.88
2020-02-06,10.59,9.63,10.41
2020-02-07,10.88,10.59,10.72
2020-02-10,10.41,10.88,10.75
2020-02-11,10.72,10.41,10.38
2020-02-12,10.75,10.72,10.46
2020-02-13,10.38,10.75,10.62
2020-02-14,10.46,10.38,10.79
2020-02-17,10.62,10.46,10.94
2020-02-18,10.79,10.62,11.29
2020-02-19,10.94,10.79,11.39
2020-02-20,11.29,10.94,11.52
2020-02-21,11.39,11.29,11.29
2020-02-24,11.52,11.39,11.27
2020-02-25,11.29,11.52,11.39
2020-02-26,11.27,11.29,10.6
2020-02-27,11.39,11.27,11.07
2020-02-28,10.6,11.39,11.29
2020-03-02,11.07,10.6,11.23
2020-03-03,11.29,11.07,11.3
2020-03-04,11.23,11.29,11.25
2020-03-05,11.3,11.23,10.61
2020-03-06,11.25,11.3,10.87
2020-03-09,10.61,11.25,11.1
2020-03-10,10.87,10.61,10.83
2020-03-11,11.1,10.87,10.79
2020-03-12,10.83,11.1,10.38
2020-03-13,10.79,10.83,10.1
2020-03-16,10.38,10.79,10.08
2020-03-17,10.1,10.38,10.25
2020-03-18,10.08,10.1,10.42
2020-03-19,10.25,10.08,10.31
2020-03-20,10.42,10.25,10.56
2020-03-23,10.31,10.42,10.72
2020-03-24,10.56,10.31,10.76
2020-03-25,10.72,10.56,10.75
2020-03-26,10.76,10.72,10.2
2020-03-27,10.75,10.76,10.5
2020-03-30,10.2,10.75,10.17
2020-03-31,10.5,10.2,10.29
2020-04-01,10.17,10.5,10.16
2020-04-02,10.29,10.17,10.28
2020-04-03,10.16,10.29,10.05
2020-04-07,10.28,10.16,10.05
2020-04-08,10.05,10.28,9.96
2020-04-09,10.05,10.05,10.16
2020-04-10,9.96,10.05,10.07
2020-04-13,10.16,9.96,9.86
2020-04-14,10.07,10.16,9.36
2020-04-15,9.86,10.07,9.55
2020-04-16,9.36,9.86,9.36
2020-04-17,9.55,9.36,9.16
2020-04-20,9.36,9.55,9.13
2020-04-21,9.16,9.36,9.2
2020-04-22,9.13,9.16,9.01
2020-04-23,9.2,9.13,8.89
2020-04-24,9.01,9.2,8.69
2020-04-27,8.89,9.01,8.8
2020-04-28,8.69,8.89,8.65
2020-04-29,8.8,8.69,8.56
2020-04-30,8.65,8.8,8.45
2020-05-06,8.56,8.65,9.28
2020-05-07,8.45,8.56,8.97
2020-05-08,9.28,8.45,8.86
2020-05-11,8.97,9.28,8.73
2020-05-12,8.86,8.97,9.22
2020-05-13,8.73,8.86,9.33
2020-05-14,9.22,8.73,9.46
2020-05-15,9.33,9.22,9.92
2020-05-18,9.46,9.33,9.58
2020-05-19,9.92,9.46,9.9
2020-05-20,9.58,9.92,9.86
2020-05-21,9.9,9.58,9.77
2020-05-22,9.86,9.9,9.64
2020-05-25,9.77,9.86,9.45
2020-05-26,9.64,9.77,9.34
2020-05-27,9.45,9.64,9.15
2020-05-28,9.34,9.45,9.4
2020-05-29,9.15,9.34,9.46
2020-06-01,9.4,9.15,9.49
2020-06-02,9.46,9.4,9.5
2020-06-03,9.49,9.46,9.26
2020-06-04,9.5,9.49,9.15
2020-06-05,9.26,9.5,6.47
2020-06-08,9.15,9.26,6.63
2020-06-09,6.47,9.15,6.43
2020-06-10,6.63,6.47,6.42
2020-06-11,6.43,6.63,6.31
2020-06-12,6.42,6.43,6.27
2020-06-15,6.31,6.42,6.21
2020-06-16,6.27,6.31,6.22
2020-06-17,6.21,6.27,6.21
2020-06-18,6.22,6.21,6.22
2020-06-19,6.21,6.22,6.25
2020-06-22,6.22,6.21,6.21
2020-06-23,6.25,6.22,6.12
2020-06-24,6.21,6.25,6.14
2020-06-29,6.12,6.21,6.12
2020-06-30,6.14,6.12,6.16
2020-07-01,6.12,6.14,6.25
2020-07-02,6.16,6.12,6.5
2020-07-03,6.25,6.16,6.72
2020-07-06,6.5,6.25,7.03
2020-07-07,6.72,6.5,7.73
2020-07-08,7.03,6.72,7.9
2020-07-09,7.73,7.03,7.86
2020-07-10,7.9,7.73,7.57
2020-07-13,7.86,7.9,7.65
2020-07-14,7.57,7.86,7.36
2020-07-15,7.65,7.57,7.2
2020-07-16,7.36,7.65,7.37
2020-07-17,7.2,7.36,7.37
2020-07-20,7.37,7.2,7.42
2020-07-21,7.37,7.37,7.29
2020-07-22,7.42,7.37,6.9
2020-07-23,7.29,7.42,6.79
2020-07-24,6.9,7.29,6.79
2020-07-27,6.79,6.9,7.15
2020-07-28,6.79,6.79,7.05
2020-07-29,7.15,6.79,7.0
2020-07-30,7.05,7.15,7.17
2020-07-31,7.0,7.05,7.05
2020-08-03,7.17,7.0,7.07
2020-08-04,7.05,7.17,6.94
2020-08-05,7.07,7.05,6.85
2020-08-06,6.94,7.07,6.98
2020-08-07,6.85,6.94,7.68
2020-08-10,6.98,6.85,7.33
2020-08-11,7.68,6.98,7.8
2020-08-12,7.33,7.68,7.55
2020-08-13,7.8,7.33,7.53
2020-08-14,7.55,7.8,7.55
2020-08-17,7.53,7.55,7.72
2020-08-18,7.55,7.53,7.28
2020-08-19,7.72,7.55,7.46
2020-08-20,7.28,7.72,7.32
2020-08-21,7.46,7.28,7.22
2020-08-24,7.32,7.46,7.1
2020-08-25,7.22,7.32,7.12
2020-08-26,7.1,7.22,7.09
2020-08-27,7.12,7.1,7.2
2020-08-28,7.09,7.12,7.15
2020-08-31,7.2,7.09,7.16
2020-09-01,7.15,7.2,7.15
2020-09-02,7.16,7.15,7.1
2020-09-03,7.15,7.16,6.88
2020-09-04,7.1,7.15,6.94
2020-09-07,6.88,7.1,6.7
2020-09-08,6.94,6.88,6.46
2020-09-09,6.7,6.94,6.64
2020-09-10,6.46,6.7,6.61
2020-09-11,6.64,6.46,6.61
2020-09-14,6.61,6.64,6.61
2020-09-15,6.61,6.61,6.52
2020-09-16,6.61,6.61,6.66
2020-09-17,6.52,6.61,6.84
2020-09-18,6.66,6.52,6.67
2020-09-21,6.84,6.66,6.7
2020-09-22,6.67,6.84,6.66
2020-09-23,6.7,6.67,6.66
2020-09-24,6.66,6.7,6.5
2020-09-25,6.66,6.66,6.5
2020-09-28,6.5,6.66,6.54
2020-09-29,6.5,6.5,6.86
2020-09-30,6.54,6.5,6.96
2020-10-09,6.86,6.54,6.95
2020-10-12,6.96,6.86,6.85
2020-10-13,6.95,6.96,7.04
2020-10-14,6.85,6.95,7.07
2020-10-15,7.04,6.85,6.93
2020-10-16,7.07,7.04,7.0
2020-10-19,6.93,7.07,6.89
2020-10-20,7.0,6.93,6.9
2020-10-21,6.89,7.0,6.88
2020-10-22,6.9,6.89,6.93
2020-10-23,6.88,6.9,7.07
2020-10-26,6.93,6.88,7.11
2020-10-27,7.07,6.93,7.12
2020-10-28,7.11,7.07,6.96
2020-10-29,7.12,7.11,6.82
2020-10-30,6.96,7.12,6.91
2020-11-02,6.82,6.96,6.87
2020-11-03,6.91,6.82,7.12
2020-11-04,6.87,6.91,7.18
2020-11-05,7.12,6.87,7.15
2020-11-06,7.18,7.12,7.23
2020-11-09,7.15,7.18,7.13
2020-11-10,7.23,7.15,7.13
2020-11-11,7.13,7.23,7.24
2020-11-12,7.13,7.13,7.35
2020-11-13,7.24,7.13,7.88
2020-11-16,7.35,7.24,7.34
2020-11-17,7.88,7.35,6.9
2020-11-18,7.34,7.88,6.83
2020-11-19,6.9,7.34,6.83
2020-11-20,6.83,6.9,6.74
2020-11-23,6.83,6.83,6.64
2020-11-24,6.74,6.83,6.55
2020-11-25,6.64,6.74,6.53
2020-11-26,6.55,6.64,6.54
2020-11-27,6.53,6.55,6.54
2020-11-30,6.54,6.53,6.46
2020-12-01,6.54,6.54,6.45
2020-12-02,6.46,6.54,6.54
2020-12-03,6.45,6.46,6.57
2020-12-04,6.54,6.45,6.53
2020-12-07,6.57,6.54,6.44
2020-12-08,6.53,6.57,6.42
2020-12-09,6.44,6.53,6.3
2020-12-10,6.42,6.44,6.28
2020-12-11,6.3,6.42,6.44
2020-12-14,6.28,6.3,6.38
2020-12-15,6.44,6.28,6.4
2020-12-16,6.38,6.44,6.38
2020-12-17,6.4,6.38,6.36
2020-12-18,6.38,6.4,6.24
2020-12-21,6.36,6.38,6.06
2020-12-22,6.24,6.36,6.04
2020-12-23,6.06,6.24,6.03
2020-12-24,6.04,6.06,5.77
2020-12-25,6.03,6.04,5.54
2020-12-28,5.77,6.03,5.58
2020-12-29,5.54,5.77,5.63
2020-12-30,5.58,5.54,5.58
2020-12-31,5.63,5.58,5.48
2021-01-04,5.58,5.63,5.47
2021-01-05,5.48,5.58,5.13
2021-01-06,5.47,5.48,5.22
2021-01-07,5.13,5.47,5.04
2021-01-08,5.22,5.13,5.06
2021-01-11,5.04,5.22,5.03
2021-01-12,5.06,5.04,5.04
2021-01-13,5.03,5.06,5.12
2021-01-14,5.04,5.03,5.27
2021-01-15,5.12,5.04,5.25
2021-01-18,5.27,5.12,5.23
2021-01-19,5.25,5.27,5.24
2021-01-20,5.23,5.25,5.1
2021-01-21,5.24,5.23,4.95
2021-01-22,5.1,5.24,5.11
2021-01-25,4.95,5.1,5.11
2021-01-26,5.11,4.95,5.47
2021-01-27,5.11,5.11,5.19
2021-01-28,5.47,5.11,5.01
2021-01-29,5.19,5.47,4.98
2021-02-01,5.01,5.19,4.82
2021-02-02,4.98,5.01,4.58
2021-02-03,4.82,4.98,4.42
2021-02-04,4.58,4.82,4.42
2021-02-05,4.42,4.58,4.55
2021-02-08,4.42,4.42,4.75
2021-02-09,4.55,4.42,5.04
2021-02-10,4.75,4.55,5.4
2021-02-18,5.04,4.75,5.31
2021-02-19,5.4,5.04,5.19
2021-02-22,5.31,5.4,5.1
2021-02-23,5.19,5.31,4.96
2021-02-24,5.1,5.19,4.95
2021-02-25,4.96,5.1,5.05
2021-02-26,4.95,4.96,5.08
2021-03-01,5.05,4.95,5.12
2021-03-02,5.08,5.05,5.06
2021-03-03,5.12,5.08,5.12
2021-03-04,5.06,5.12,5.09
2021-03-05,5.12,5.06,5.13
2021-03-08,5.09,5.12,4.94
2021-03-09,5.13,5.09,4.97
2021-03-10,4.94,5.13,4.86
2021-03-11,4.97,4.94,5.01
2021-03-12,4.86,4.97,4.99
2021-03-15,5.01,4.86,5.04
2021-03-16,4.99,5.01,4.93
2021-03-17,5.04,4.99,5.28
2021-03-18,4.93,5.04,5.27
2021-03-19,5.28,4.93,5.19
2021-03-22,5.27,5.28,5.31
2021-03-23,5.19,5.27,5.6
2021-03-24,5.31,5.19,5.8
2021-03-25,5.6,5.31,5.6
2021-03-26,5.8,5.6,5.38
2021-03-29,5.6,5.8,5.36
2021-03-30,5.38,5.6,5.38
2021-03-31,5.36,5.38,5.3
2021-04-01,5.38,5.36,5.24
2021-04-02,5.3,5.38,5.23
2021-04-06,5.24,5.3,5.25
2021-04-07,5.23,5.24,5.4
2021-04-08,5.25,5.23,5.17
2021-04-09,5.4,5.25,5.23
2021-04-12,5.17,5.4,5.21
2021-04-13,5.23,5.17,5.37
2021-04-14,5.21,5.23,5.91
2021-04-15,5.37,5.21,6.15
2021-04-16,5.91,5.37,5.68
2021-04-19,6.15,5.91,6.0
2021-04-20,5.68,6.15,5.94
2021-04-21,6.0,5.68,5.77
2021-04-22,5.94,6.0,5.66
2021-04-23,5.77,5.94,5.83
2021-04-26,5.66,5.77,6.21
2021-04-27,5.83,5.66,6.1
2021-04-28,6.21,5.83,5.97
2021-04-29,6.1,6.21,6.02
2021-04-30,5.97,6.1,6.2
2021-05-06,6.02,5.97,6.35
2021-05-07,6.2,6.02,6.06
2021-05-10,6.35,6.2,6.09
2021-05-11,6.06,6.35,5.96
2021-05-12,6.09,6.06,5.81
2021-05-13,5.96,6.09,5.66
2021-05-14,5.81,5.96,5.73
2021-05-17,5.66,5.81,5.57
2021-05-18,5.73,5.66,5.57
2021-05-19,5.57,5.73,5.78
2021-05-20,5.57,5.57,5.71
2021-05-21,5.78,5.57,5.72
2021-05-24,5.71,5.78,5.63
2021-05-25,5.72,5.71,5.71
2021-05-26,5.63,5.72,5.64
2021-05-27,5.71,5.63,5.79
2021-05-28,5.64,5.71,6.37
2021-05-31,5.79,5.64,6.2
2021-06-01,6.37,5.79,6.08
2021-06-02,6.2,6.37,5.82
2021-06-03,6.08,6.2,5.75
2021-06-04,5.82,6.08,5.77
2021-06-07,5.75,5.82,5.67
2021-06-08,5.77,5.75,5.57
2021-06-09,5.67,5.77,5.53
2021-06-10,5.57,5.67,5.25
2021-06-11,5.53,5.57,5.28
2021-06-15,5.25,5.53,5.15
2021-06-16,5.28,5.25,5.22
2021-06-17,5.15,5.28,5.24
2021-06-18,5.22,5.15,5.24
2021-06-21,5.24,5.22,5.19
2021-06-22,5.24,5.24,5.21
2021-06-23,5.19,5.24,5.38
2021-06-24,5.21,5.19,5.22
2021-06-25,5.38,5.21,5.21
2021-06-28,5.22,5.38,5.25
2021-06-29,5.21,5.22,5.16
2021-06-30,5.25,5.21,5.28
2021-07-01,5.16,5.25,5.24
2021-07-02,5.28,5.16,5.22
2021-07-05,5.24,5.28,5.18
2021-07-06,5.22,5.24,5.1
2021-07-07,5.18,5.22,5.08
2021-07-08,5.1,5.18,5.1
2021-07-09,5.08,5.1,5.1
2021-07-12,5.1,5.08,5.0
2021-07-13,5.1,5.1,4.9
2021-07-14,5.0,5.1,4.93
2021-07-15,4.9,5.0,4.86
2021-07-16,4.93,4.9,5.01
2021-07-19,4.86,4.93,5.15
2021-07-20,5.01,4.86,5.0
2021-07-21,5.15,5.01,4.85
2021-07-22,5.0,5.15,4.38
2021-07-23,4.85,5.0,4.15
2021-07-26,4.38,4.85,4.57
2021-07-27,4.15,4.38,4.81
2021-07-28,4.57,4.15,4.52
2021-07-29,4.81,4.57,4.57
2021-07-30,4.52,4.81,4.54
2021-08-02,4.57,4.52,4.46
2021-08-03,4.54,4.57,4.38
2021-08-04,4.46,4.54,4.3
2021-08-05,4.38,4.46,4.4
2021-08-06,4.3,4.38,4.4
2021-08-09,4.4,4.3,4.42
2021-08-10,4.4,4.4,4.46
2021-08-11,4.42,4.4,4.36
2021-08-12,4.46,4.42,4.47
2021-08-13,4.36,4.46,4.36
2021-08-16,4.47,4.36,4.42
2021-08-17,4.36,4.47,4.5
2021-08-18,4.42,4.36,4.48
2021-08-19,4.5,4.42,4.65
2021-08-20,4.48,4.5,4.56
2021-08-23,4.65,4.48,4.83
2021-08-24,4.56,4.65,4.87
2021-08-25,4.83,4.56,4.69
2021-08-26,4.87,4.83,4.79
2021-08-27,4.69,4.87,4.54
2021-08-30,4.79,4.69,4.5
2021-08-31,4.54,4.79,4.45
2021-09-01,4.5,4.54,4.5
2021-09-02,4.45,4.5,4.47
2021-09-03,4.5,4.45,4.47
2021-09-06,4.47,4.5,4.55
2021-09-07,4.47,4.47,4.62
2021-09-08,4.55,4.47,4.39
2021-09-09,4.62,4.55,4.43
2021-09-10,4.39,4.62,4.3
2021-09-13,4.43,4.39,4.28
2021-09-14,4.3,4.43,4.24
2021-09-15,4.28,4.3,4.21
2021-09-16,4.24,4.28,4.17
2021-09-17,4.21,4.24,4.25
2021-09-22,4.17,4.21,4.17
2021-09-23,4.25,4.17,4.04
2021-09-24,4.17,4.25,4.04
2021-09-27,4.04,4.17,4.02
2021-09-28,4.04,4.04,4.03
2021-09-29,4.02,4.04,4.11
2021-09-30,4.03,4.02,4.11
2021-10-08,4.11,4.03,4.04
2021-10-11,4.11,4.11,4.19
2021-10-12,4.04,4.11,4.17
2021-10-13,4.19,4.04,4.03
2021-10-14,4.17,4.19,4.07
2021-10-15,4.03,4.17,4.03
2021-10-18,4.07,4.03,4.0
2021-10-19,4.03,4.07,3.93
2021-10-20,4.0,4.03,3.92
2021-10-21,3.93,4.0,3.85
2021-10-22,3.92,3.93,3.78
2021-10-25,3.85,3.92,3.66
2021-10-26,3.78,3.85,3.66
2021-10-27,3.66,3.78,3.66
2021-10-28,3.66,3.66,3.68
2021-10-29,3.66,3.66,3.58
2021-11-01,3.68,3.66,3.63
2021-11-02,3.58,3.68,3.63
2021-11-03,3.63,3.58,3.68
2021-11-04,3.63,3.63,3.67
2021-11-05,3.68,3.63,3.7
2021-11-08,3.67,3.68,3.69
2021-11-09,3.7,3.67,3.76
2021-11-10,3.69,3.7,3.73
2021-11-11,3.76,3.69,3.83
2021-11-12,3.73,3.76,3.76
2021-11-15,3.83,3.73,3.77
2021-11-16,3.76,3.83,3.68
2021-11-17,3.77,3.76,3.73
2021-11-18,3.68,3.77,3.76
2021-11-19,3.73,3.68,3.79
2021-11-22,3.76,3.73,3.78
2021-11-23,3.79,3.76,3.84
2021-11-24,3.78,3.79,3.76
2021-11-25,3.84,3.78,3.72
2021-11-26,3.76,3.84,3.76
2021-11-29,3.72,3.76,3.82
2021-11-30,3.76,3.72,3.81
2021-12-01,3.82,3.76,3.93
2021-12-02,3.81,3.82,3.79
2021-12-03,3.93,3.81,3.75
2021-12-06,3.79,3.93,3.73
2021-12-07,3.75,3.79,3.8
2021-12-08,3.73,3.75,3.78
2021-12-09,3.8,3.73,3.74
2021-12-10,3.78,3.8,3.77
2021-12-13,3.74,3.78,3.8
2021-12-14,3.77,3.74,3.85
2021-12-15,3.8,3.77,3.81
2021-12-16,3.85,3.8,3.77
2021-12-17,3.81,3.85,4.15
2021-12-20,3.77,3.81,4.32
2021-12-21,4.15,3.77,4.06
2021-12-22,4.32,4.15,4.01
2021-12-23,4.06,4.32,4.03
2021-12-24,4.01,4.06,4.05
2021-12-27,4.03,4.01,4.07
2021-12-28,4.05,4.03,4.04
2021-12-29,4.07,4.05,3.96
2021-12-30,4.04,4.07,4.09
2021-12-31,3.96,4.04,4.04
2022-01-04,4.09,3.96,4.06
2022-01-05,4.04,4.09,3.98
2022-01-06,4.06,4.04,4.07
2022-01-07,3.98,4.06,4.15
2022-01-10,4.07,3.98,4.21
2022-01-11,4.15,4.07,4.2
2022-01-12,4.21,4.15,4.04
2022-01-13,4.2,4.21,4.12
2022-01-14,4.04,4.2,3.93
2022-01-17,4.12,4.04,4.03
2022-01-18,3.93,4.12,3.88
2022-01-19,4.03,3.93,3.9
2022-01-20,3.88,4.03,3.92
2022-01-21,3.9,3.88,3.73
2022-01-24,3.92,3.9,3.71
2022-01-25,3.73,3.92,3.55
2022-01-26,3.71,3.73,3.91
2022-01-27,3.55,3.71,3.79
2022-01-28,3.91,3.55,4.17
2022-02-07,3.79,3.91,4.33
2022-02-08,4.17,3.79,4.76
2022-02-09,4.33,4.17,5.24
2022-02-10,4.76,4.33,5.76
2022-02-11,5.24,4.76,6.34
2022-02-14,5.76,5.24,6.97
2022-02-15,6.34,5.76,6.39
2022-02-16,6.97,6.34,6.09
2022-02-17,6.39,6.97,6.7
2022-02-18,6.09,6.39,7.37
2022-02-21,6.7,6.09,8.11
2022-02-22,7.37,6.7,7.3
2022-02-23,8.11,7.37,6.68
2022-02-24,7.3,8.11,6.15
2022-02-25,6.68,7.3,6.51
2022-02-28,6.15,6.68,6.82
2022-03-01,6.51,6.15,7.5
2022-03-02,6.82,6.51,7.52
2022-03-03,7.5,6.82,8.27
2022-03-04,7.52,7.5,7.44
2022-03-07,8.27,7.52,6.72
2022-03-08,7.44,8.27,7.05
2022-03-09,6.72,7.44,6.41
2022-03-10,7.05,6.72,5.77
2022-03-11,6.41,7.05,5.27
2022-03-14,5.77,6.41,5.51
2022-03-15,5.27,5.77,5.67
2022-03-16,5.51,5.27,5.51
2022-03-17,5.67,5.51,5.58
2022-03-18,5.51,5.67,5.81
2022-03-21,5.58,5.51,5.74
2022-03-22,5.81,5.58,5.73
2022-03-23,5.74,5.81,5.79
2022-03-24,5.73,5.74,5.9
2022-03-25,5.79,5.73,6.49
2022-03-28,5.9,5.79,6.11
2022-03-29,6.49,5.9,5.64
2022-03-30,6.11,6.49,5.73
2022-03-31,5.64,6.11,5.74
2022-04-01,5.73,5.64,5.35
2022-04-06,5.74,5.73,5.21
2022-04-07,5.35,5.74,5.03
2022-04-08,5.21,5.35,5.31
2022-04-11,5.03,5.21,4.92
2022-04-12,5.31,5.03,4.96
2022-04-13,4.92,5.31,4.66
2022-04-14,4.96,4.92,4.61
2022-04-15,4.66,4.96,4.62
2022-04-18,4.61,4.66,4.54
2022-04-19,4.62,4.61,4.32
2022-04-20,4.54,4.62,4.16
2022-04-21,4.32,4.54,3.8
2022-04-22,4.16,4.32,3.63
2022-04-25,3.8,4.16,3.73
2022-04-26,3.63,3.8,3.62
2022-04-27,3.73,3.63,3.82
2022-04-28,3.62,3.73,3.89
2022-04-29,3.82,3.62,3.9
2022-05-05,3.89,3.82,4.05
2022-05-06,3.9,3.89,4.14
2022-05-09,4.05,3.9,4.03
2022-05-10,4.14,4.05,4.08
2022-05-11,4.03,4.14,4.23
2022-05-12,4.08,4.03,4.09
2022-05-13,4.23,4.08,4.02
2022-05-16,4.09,4.23,4.08
2022-05-17,4.02,4.09,4.23
2022-05-18,4.08,4.02,4.17
2022-05-19,4.23,4.08,4.34
2022-05-20,4.17,4.23,3.92
2022-05-23,4.34,4.17,4.05
2022-05-24,3.92,4.34,4.03
2022-05-25,4.05,3.92,4.13
2022-05-26,4.03,4.05,4.27
2022-05-27,4.13,4.03,4.11
2022-05-30,4.27,4.13,4.0
2022-05-31,4.11,4.27,3.87
2022-06-01,4.0,4.11,3.91
2022-06-02,3.87,4.0,3.9
2022-06-06,3.91,3.87,3.87
2022-06-07,3.9,3.91,3.69
2022-06-08,3.87,3.9,3.72
2022-06-09,3.69,3.87,3.83
2022-06-10,3.72,3.69,3.76
2022-06-13,3.83,3.72,3.82
2022-06-14,3.76,3.83,4.2
2022-06-15,3.82,3.76,4.23
2022-06-16,4.2,3.82,4.28
2022-06-17,4.23,4.2,4.06
2022-06-20,4.28,4.23,4.02
2022-06-21,4.06,4.28,4.0
2022-06-22,4.02,4.06,3.93
2022-06-23,4.0,4.02,3.94
2022-06-24,3.93,4.0,3.94
2022-06-27,3.94,3.93,3.86
2022-06-28,3.94,3.94,3.93
2022-06-29,3.86,3.94,3.81
2022-06-30,3.93,3.86,3.83
2022-07-01,3.81,3.93,3.85
2022-07-04,3.83,3.81,3.75
2022-07-05,3.85,3.83,4.13
2022-07-06,3.75,3.85,4.25
2022-07-07,4.13,3.75,4.09
2022-07-08,4.25,4.13,4.14
2022-07-11,4.09,4.25,4.55
2022-07-12,4.14,4.09,4.69
2022-07-13,4.55,4.14,4.6
2022-07-14,4.69,4.55,4.73
2022-07-15,4.6,4.69,4.79
2022-07-18,4.73,4.6,4.68
2022-07-19,4.79,4.73,4.47
2022-07-20,4.68,4.79,4.42
2022-07-21,4.47,4.68,4.46
2022-07-22,4.42,4.47,4.73
2022-07-25,4.46,4.42,5.2
2022-07-26,4.73,4.46,5.1
2022-07-27,5.2,4.73,4.9
2022-07-28,5.1,5.2,4.79
2022-07-29,4.9,5.1,4.31
2022-08-01,4.79,4.9,4.14
2022-08-02,4.31,4.79,4.2
2022-08-03,4.14,4.31,4.11
2022-08-04,4.2,4.14,4.27
2022-08-05,4.11,4.2,4.35
2022-08-08,4.27,4.11,4.46
2022-08-09,4.35,4.27,4.68
2022-08-10,4.46,4.35,4.67
2022-08-11,4.68,4.46,5.14
2022-08-12,4.67,4.68,4.95
2022-08-15,5.14,4.67,4.96
2022-08-16,4.95,5.14,4.77
2022-08-17,4.96,4.95,4.68
2022-08-18,4.77,4.96,4.61
2022-08-19,4.68,4.77,4.48
2022-08-22,4.61,4.68,4.28
2022-08-23,4.48,4.61,4.34
2022-08-24,4.28,4.48,4.34
2022-08-25,4.34,4.28,4.46
2022-08-26,4.34,4.34,4.37
2022-08-29,4.46,4.34,4.18
2022-08-30,4.37,4.46,4.2
2022-08-31,4.18,4.37,4.3
2022-09-01,4.2,4.18,4.21
2022-09-02,4.3,4.2,4.26
2022-09-05,4.21,4.3,4.2
2022-09-06,4.26,4.21,4.09
2022-09-07,4.2,4.26,4.13
2022-09-08,4.09,4.2,4.17
2022-09-09,4.13,4.09,4.12
2022-09-13,4.17,4.13,3.98
2022-09-14,4.12,4.17,3.81
2022-09-15,3.98,4.12,3.78
2022-09-16,3.81,3.98,3.89
2022-09-19,3.78,3.81,3.92
2022-09-20,3.89,3.78,3.83
2022-09-21,3.92,3.89,3.73
2022-09-22,3.83,3.92,3.57
2022-09-23,3.73,3.83,3.91
2022-09-26,3.57,3.73,3.69
2022-09-27,3.91,3.57,3.65
2022-09-28,3.69,3.91,3.65
2022-09-29,3.65,3.69,3.55
2022-09-30,3.65,3.65,3.69
2022-10-10,3.55,3.65,3.75
2022-10-11,3.69,3.55,3.84
2022-10-12,3.75,3.69,3.84
2022-10-13,3.84,3.75,3.84
