date,high,high_2_ema,high_2_sma
2015-01-23,13.9,13.9,13.9
2015-01-26,13.88,13.885,13.89
2015-01-27,14.11,14.04076923076923,13.995000000000001
2015-01-28,14.18,14.13475,14.145
2015-01-29,14.04,14.071322314049587,14.11
2015-01-30,14.04,14.050412087912088,14.04
2015-02-02,13.95,13.983440073193046,13.995
2015-02-03,14.08,14.047823170731707,14.015
2015-02-04,14.19,14.142612539376081,14.135
2015-02-05,14.06,14.087536580409159,14.125
2015-02-06,13.77,13.875844331794113,13.915
2015-02-09,13.52,13.638614330874603,13.645
2015-02-10,13.44,13.506204693907502,13.48
2015-02-11,13.55,13.535401570740175,13.495000000000001
2015-02-12,13.71,13.651800531692102,13.63
2015-02-13,13.95,13.850600181848927,13.83
2015-02-16,14.06,13.990200061697307,14.004999999999999
2015-02-17,14.11,14.070066687438585,14.085
2015-02-25,14.3,14.223355562611417,14.205
2015-02-26,14.68,14.527785187624449,14.49
2015-02-27,15.09,14.902595062577316,14.885
2015-03-02,15.07,15.014198354195997,15.08
2015-03-03,15.35,15.238066118067708,15.21
2015-03-04,15.27,15.25935537268931,15.309999999999999
2015-03-05,15.23,15.239785124229746,15.25
2015-03-06,15.28,15.266595041409927,15.254999999999999
2015-03-09,15.04,15.115531680469957,15.16
2015-03-10,15.28,15.225177226823323,15.16
2015-03-11,15.57,15.455059075607778,15.425
2015-03-12,15.13,15.23835302520259,15.350000000000001
2015-03-13,15.2,15.212784341734196,15.165
2015-03-16,16.09,15.797594780578066,15.645
2015-03-17,15.96,15.905864926859357,16.025
2015-03-18,16.21,16.108621642286455,16.085
2015-03-19,16.6,16.436207214095486,16.405
2015-03-20,16.49,16.47206907136516,16.545
2015-03-23,16.67,16.604023023788386,16.58
2015-03-24,16.67,16.64800767459613,16.67
2015-03-25,16.54,16.57600255819871,16.605
2015-03-26,16.65,16.625334186066237,16.595
2015-03-27,16.63,16.628444728688745,16.64
2015-03-30,17.78,17.39614824289625,17.205
2015-03-31,17.82,17.678716080965415,17.8
2015-04-01,19.2,18.692905360321806,18.509999999999998
2015-04-02,19.19,19.024301786773936,19.195
2015-04-03,18.89,18.934767262257978,19.04
2015-04-07,19.45,19.278255754085993,19.17
2015-04-08,19.2,19.226085251361997,19.325
2015-04-09,18.62,18.822028417120666,18.91
2015-04-10,18.85,18.840676139040223,18.735
2015-04-13,19.8,19.480225379680075,19.325000000000003
2015-04-14,20.6,20.226741793226694,20.200000000000003
2015-04-15,20.54,20.43558059774223,20.57
2015-04-16,20.28,20.331860199247412,20.41
2015-04-17,19.59,19.83728673308247,19.935000000000002
2015-04-20,19.34,19.505762244360824,19.465
2015-04-21,18.99,19.161920748120274,19.165
2015-04-22,20.2,19.853973582706757,19.595
2015-04-23,20.74,20.44465786090225,20.47
2015-04-24,20.7,20.614885953634083,20.72
2015-04-27,20.75,20.704961984544695,20.725
2015-04-28,20.44,20.5283206615149,20.595
2015-04-29,20.1,20.2427735538383,20.270000000000003
2015-04-30,20.24,20.240924517946098,20.17
2015-05-04,20.09,20.140308172648698,20.165
2015-05-05,20.1,20.113436057549567,20.095
2015-05-06,19.75,19.87114535251652,19.925
2015-05-07,19.27,19.470381784172172,19.509999999999998
2015-05-08,19.33,19.376793928057392,19.299999999999997
2015-05-11,20.05,19.82559797601913,19.689999999999998
2015-05-12,20.25,20.10853265867304,20.15
2015-05-13,21.22,20.849510886224348,20.735
2015-05-14,21.5,21.283170295408116,21.36
2015-05-15,21.97,21.741056765136037,21.735
2015-05-18,23.19,22.707018921712017,22.58
2015-05-19,22.76,22.742339640570673,22.975
2015-05-20,24.83,24.13411321352356,23.795
2015-05-21,26.8,25.911371071174518,25.814999999999998
2015-05-22,26.77,26.483790357058172,26.785
2015-05-25,26.5,26.494596785686056,26.634999999999998
2015-05-26,26.57,26.544865595228686,26.535
2015-05-27,28.87,28.094955198409565,27.72
2015-05-28,29.67,29.144985066136524,29.270000000000003
2015-05-29,26.15,27.14832835537884,27.91
2015-06-01,27.63,27.46944278512628,26.89
2015-06-02,28.4,28.089814261708757,28.015
2015-06-03,29.55,29.06327142056959,28.975
2015-06-04,28.43,28.641090473523196,28.990000000000002
2015-06-05,28.58,28.600363491174395,28.505
2015-06-08,28.55,28.566787830391466,28.564999999999998
2015-06-09,27.52,27.868929276797157,28.035
2015-06-10,28.17,28.06964309226572,27.845
2015-06-11,28.8,28.556547697421905,28.485
2015-06-12,30.0,29.51884923247397,29.4
2015-06-15,29.64,29.599616410824655,29.82
2015-06-16,28.16,28.639872136941552,28.9
2015-06-17,26.95,27.51329071231385,27.555
2015-06-18,27.5,27.504430237437948,27.225
2015-06-19,26.24,26.66147674581265,26.869999999999997
2015-06-23,24.62,25.30049224860422,25.43
2015-06-24,24.63,24.853497416201407,24.625
2015-06-25,24.62,24.697832472067137,24.625
2015-06-26,22.5,23.232610824022377,23.560000000000002
2015-06-29,21.32,21.95753694134079,21.91
2015-06-30,19.5,20.31917898044693,20.41
2015-07-01,19.86,20.01305966014898,19.68
2015-07-02,18.01,18.677686553382994,18.935000000000002
2015-07-03,16.06,16.932562184460995,17.035
2015-07-06,15.68,16.097520728153665,15.87
2015-07-07,13.16,14.13917357605122,14.42
2015-07-08,13.49,13.706391192017074,13.325
2015-07-09,14.3,14.102130397339025,13.895
2015-07-10,15.73,15.187376799113009,15.015
2015-07-13,17.3,16.595792266371003,16.515
2015-07-14,18.83,18.085264088790336,18.064999999999998
2015-07-15,17.95,17.995088029596776,18.39
2015-07-16,17.87,17.911696009865594,17.91
2015-07-17,19.28,18.8238986699552,18.575000000000003
2015-07-20,20.7,20.074632889985065,19.990000000000002
2015-07-21,21.0,20.69154429666169,20.85
2015-07-22,20.21,20.370514765553896,20.605
2015-07-23,20.72,20.603504921851297,20.465
2015-07-24,20.98,20.854501640617098,20.85
2015-07-27,19.18,19.738167213539032,20.08
2015-07-28,18.74,19.072722404513012,18.96
2015-07-29,20.59,20.084240801504336,19.665
2015-07-30,21.5,21.02808026716811,21.045
2015-07-31,19.92,20.289360089056036,20.71
2015-08-03,19.73,19.91645336301868,19.825000000000003
2015-08-04,20.17,20.08548445433956,19.950000000000003
2015-08-05,20.35,20.261828151446522,20.26
2015-08-06,19.97,20.067276050482175,20.16
2015-08-07,20.1,20.089092016827394,20.035
2015-08-10,21.09,20.756364005609132,20.595
2015-08-11,21.38,21.172121335203045,21.235
2015-08-12,20.63,20.81070711173435,21.005
2015-08-13,20.47,20.583569037244782,20.549999999999997
2015-08-14,21.47,21.174523012414927,20.97
2015-08-17,20.74,20.88484100413831,21.104999999999997
2015-08-18,22.1,21.694947001379436,21.42
2015-08-19,20.99,21.224982333793147,21.545
2015-08-20,22.75,22.24166077793105,21.869999999999997
2015-08-21,23.87,23.32722025931035,23.310000000000002
2015-08-28,22.99,23.102406753103452,23.43
2015-08-31,20.85,21.600802251034484,21.92
2015-09-01,19.47,20.180267417011493,20.16
2015-09-02,17.8,18.593422472337163,18.634999999999998
2015-09-07,17.97,18.177807490779056,17.884999999999998
2015-09-08,18.14,18.152602496926352,18.055
2015-09-09,18.49,18.377534165642118,18.314999999999998
2015-09-10,18.64,18.552511388547373,18.564999999999998
2015-09-11,18.79,18.71083712951579,18.715
2015-09-14,18.65,18.67027904317193,18.72
2015-09-15,19.18,19.010093014390645,18.915
2015-09-16,20.43,19.956697671463548,19.805
2015-09-17,20.2,20.118899223821185,20.314999999999998
2015-09-18,19.8,19.906299741273727,20.0
2015-09-21,20.1,20.035433247091245,19.950000000000003
2015-09-22,20.05,20.04514441569708,20.075000000000003
2015-09-23,19.99,20.008381471899025,20.02
2015-09-24,20.65,20.436127157299676,20.32
2015-09-25,20.7,20.612042385766557,20.674999999999997
2015-09-28,20.56,20.577347461922184,20.63
2015-09-29,20.85,20.75911582064073,20.705
2015-09-30,20.78,20.773038606880245,20.815
2015-10-08,21.98,21.577679535626746,21.380000000000003
2015-10-09,22.4,22.125893178542245,22.189999999999998
2015-10-12,23.46,23.015297726180748,22.93
2015-10-13,23.79,23.531765908726914,23.625
2015-10-14,23.28,23.36392196957564,23.535
2015-10-15,23.19,23.247973989858547,23.235
2015-10-16,23.52,23.42932466328618,23.355
2015-10-19,23.8,23.67644155442873,23.66
2015-10-20,25.7,25.02548051814291,24.75
2015-10-21,25.05,25.04182683938097,25.375
2015-10-22,24.5,24.680608946460325,24.775
2015-10-23,24.53,24.58020298215344,24.515
2015-10-26,24.87,24.773400994051148,24.700000000000003
2015-10-27,24.75,24.75780033135038,24.810000000000002
2015-10-28,24.15,24.352600110450126,24.45
2015-10-29,24.1,24.18420003681671,24.125
2015-10-30,24.15,24.161400012272235,24.125
2015-11-02,24.21,24.193800004090747,24.18
2015-11-03,25.5,25.064600001363583,24.855
2015-11-04,25.53,25.374866667121196,25.515
2015-11-05,25.45,25.42495555570706,25.490000000000002
2015-11-06,25.08,25.194985185235684,25.265
2015-11-09,25.05,25.098328395078564,25.064999999999998
2015-11-10,25.58,25.419442798359523,25.314999999999998
2015-11-11,25.42,25.419814266119843,25.5
2015-11-12,25.55,25.506604755373285,25.485
2015-11-13,25.2,25.302201585124426,25.375
2015-11-16,25.7,25.567400528374808,25.45
2015-11-17,25.71,25.662466842791602,25.705
2015-11-18,24.7,25.02082228093053,25.205
2015-11-19,23.29,23.866940760310175,23.994999999999997
2015-11-20,23.54,23.648980253436722,23.415
2015-11-23,23.43,23.502993417812238,23.485
2015-11-24,23.56,23.540997805937412,23.494999999999997
2015-11-25,23.72,23.660332601979135,23.64
2015-11-26,23.77,23.733444200659715,23.744999999999997
2015-11-27,23.29,23.43781473355324,23.53
2015-11-30,22.35,22.712604911184414,22.82
2015-12-01,22.7,22.70420163706147,22.525
2015-12-02,22.55,22.601400545687156,22.625
2015-12-03,22.8,22.73380018189572,22.675
2015-12-04,22.6,22.644600060631905,22.700000000000003
2015-12-07,23.17,22.9948666868773,22.885
2015-12-08,22.8,22.864955562292437,22.985
2015-12-09,22.56,22.66165185409748,22.68
2015-12-10,22.8,22.753883951365825,22.68
2015-12-11,22.52,22.597961317121943,22.66
2015-12-14,23.1,22.932653772373982,22.810000000000002
2015-12-15,23.38,23.230884590791323,23.240000000000002
2015-12-16,23.67,23.523628196930442,23.525
2015-12-17,24.7,24.30787606564348,24.185000000000002
2015-12-18,24.71,24.57595868854783,24.705
2015-12-21,24.39,24.451986229515942,24.55
2015-12-22,24.23,24.30399540983865,24.310000000000002
2015-12-23,24.21,24.24133180327955,24.22
2015-12-24,24.49,24.407110601093184,24.35
2015-12-25,24.15,24.235703533697727,24.32
2015-12-28,24.3,24.27856784456591,24.225
2015-12-29,23.46,23.73285594818864,23.880000000000003
2015-12-30,23.56,23.61761864939621,23.509999999999998
2015-12-31,24.06,23.912539549798737,23.81
2016-01-04,23.45,23.604179849932915,23.755
2016-01-05,20.99,21.86139328331097,22.22
2016-01-06,21.06,21.32713109443699,21.025
2016-01-07,20.5,20.77571036481233,20.78
2016-01-08,20.68,20.711903454937442,20.59
2016-01-11,20.2,20.370634484979146,20.439999999999998
2016-01-12,19.19,19.58354482832638,19.695
2016-01-13,18.88,19.11451494277546,19.035
2016-01-14,17.88,18.291504980925154,18.38
2016-01-15,17.52,17.77716832697505,17.7
2016-01-18,16.41,16.86572277565835,16.965
2016-01-19,16.98,16.941907591886118,16.695
2016-01-20,17.45,17.280635863962036,17.215
2016-01-21,17.15,17.193545287987344,17.299999999999997
2016-01-22,17.2,17.197848429329113,17.174999999999997
2016-01-25,17.44,17.35928280977637,17.32
2016-01-26,17.2,17.253094269925455,17.32
2016-01-27,16.3,16.617698089975153,16.75
2016-01-28,16.29,16.399232696658384,16.295
2016-01-29,16.36,16.373077565552794,16.325
2016-02-01,16.52,16.471025855184266,16.439999999999998
2016-02-02,16.58,16.543675285061422,16.549999999999997
2016-02-03,16.54,16.541225095020476,16.56
2016-02-04,17.05,16.880408365006826,16.795
2016-02-05,17.0,16.960136121668942,17.025
2016-02-15,16.81,16.860045373889648,16.905
2016-02-16,17.48,17.273348457963216,17.145
2016-02-17,17.34,17.31778281932107,17.41
2016-02-18,17.56,17.47926093977369,17.45
2016-02-19,17.37,17.406420313257897,17.465
2016-02-22,18.26,17.975473437752633,17.815
2016-02-23,19.18,18.778491145917545,18.72
2016-02-24,18.55,18.62616371530585,18.865000000000002
2016-02-25,17.97,18.18872123843528,18.259999999999998
2016-02-26,17.7,17.86290707947843,17.835
2016-02-29,16.2,16.75430235982614,16.95
2016-03-01,15.8,16.118100786608714,16.0
2016-03-02,16.67,16.486033595536238,16.235
2016-03-03,16.81,16.70201119851208,16.740000000000002
2016-03-04,16.55,16.600670399504025,16.68
2016-03-07,16.2,16.333556799834675,16.375
2016-03-08,16.4,16.37785226661156,16.299999999999997
2016-03-09,16.7,16.592617422203855,16.549999999999997
2016-03-10,16.48,16.517539140734616,16.59
2016-03-11,16.05,16.205846380244875,16.265
2016-03-14,16.65,16.501948793414957,16.35
2016-03-15,16.39,16.427316264471653,16.52
2016-03-16,16.87,16.722438754823884,16.630000000000003
2016-03-17,17.8,17.440812918274627,17.335
2016-03-18,17.9,17.746937639424875,17.85
2016-03-21,17.88,17.835645879808293,17.89
2016-03-22,18.09,18.00521529326943,17.985
2016-03-23,18.07,18.048405097756476,18.08
2016-03-24,18.07,18.06280169925216,18.07
2016-03-25,18.27,18.20093389975072,18.17
2016-03-28,18.85,18.633644633250242,18.560000000000002
2016-03-29,18.2,18.344548211083413,18.525
2016-03-30,18.19,18.24151607036114,18.195
2016-03-31,18.48,18.400505356787047,18.335
2016-04-01,18.15,18.23350178559568,18.314999999999998
2016-04-05,18.78,18.597833928531895,18.465
2016-04-06,18.76,18.705944642843964,18.770000000000003
2016-04-07,18.88,18.821981547614655,18.82
2016-04-08,18.1,18.34066051587155,18.490000000000002
2016-04-11,18.54,18.473553505290514,18.32
2016-04-12,19.87,19.40451783509684,19.205
2016-04-13,19.38,19.388172611698945,19.625
2016-04-14,19.47,19.442724203899648,19.424999999999997
2016-04-15,19.46,19.454241401299882,19.465
2016-04-18,19.17,19.26474713376663,19.315
2016-04-19,19.19,19.214915711255543,19.18
2016-04-20,19.29,19.264971903751846,19.240000000000002
2016-04-21,18.73,18.908323967917283,19.009999999999998
2016-04-22,18.23,18.45610798930576,18.48
2016-04-25,18.22,18.29870266310192,18.225
2016-04-26,18.41,18.37290088770064,18.314999999999998
2016-04-27,18.66,18.564300295900214,18.535
2016-04-28,18.45,18.488100098633407,18.555
2016-04-29,18.63,18.5827000328778,18.54
2016-05-03,19.5,19.1942333442926,19.064999999999998
2016-05-04,19.66,19.504744448097533,19.58
2016-05-05,19.57,19.548248149365843,19.615000000000002
2016-05-06,19.6,19.58274938312195,19.585
2016-05-09,19.0,19.194249794373984,19.3
2016-05-10,18.29,18.591416598124663,18.645
2016-05-11,19.47,19.177138866041556,18.88
2016-05-12,18.98,19.045712955347184,19.225
2016-05-13,18.96,18.98857098511573,18.97
2016-05-16,18.74,18.822856995038574,18.85
2016-05-17,18.7,18.740952331679523,18.72
2016-05-18,18.55,18.613650777226507,18.625
2016-05-19,18.46,18.511216925742172,18.505000000000003
2016-05-20,18.22,18.317072308580723,18.34
2016-05-23,18.38,18.359024102860243,18.299999999999997
2016-05-24,18.38,18.373008034286745,18.38
2016-05-25,19.18,18.91100267809558,18.78
2016-05-26,19.8,19.503667559365194,19.490000000000002
2016-05-27,19.77,19.681222519788395,19.785
2016-05-30,18.92,19.173740839929465,19.345
2016-05-31,19.37,19.304580279976488,19.145000000000003
2016-06-01,19.42,19.381526759992166,19.395000000000003
2016-06-02,19.43,19.413842253330724,19.425
2016-06-03,19.39,19.39794741777691,19.41
2016-06-06,20.17,19.91264913925897,19.78
2016-06-07,19.9,19.90421637975299,20.035
2016-06-08,20.19,20.094738793250997,20.045
2016-06-13,19.82,19.911579597750332,20.005000000000003
2016-06-14,19.3,19.503859865916777,19.560000000000002
2016-06-15,21.23,20.65461995530559,20.265
2016-06-16,21.49,21.21153998510186,21.36
2016-06-17,22.38,21.990513328367285,21.935
2016-07-04,22.98,22.650171109455766,22.68
2016-07-05,22.11,22.290057036485255,22.545
2016-07-06,22.55,22.463352345495085,22.33
2016-07-07,22.18,22.274450781831693,22.365000000000002
2016-07-08,22.06,22.131483593943898,22.119999999999997
2016-07-11,21.9,21.9771611979813,21.979999999999997
2016-07-12,21.9,21.9257203993271,21.9
2016-07-13,21.9,21.908573466442366,21.9
2016-07-14,21.84,21.862857822147458,21.869999999999997
2016-07-15,21.7,21.754285940715818,21.77
2016-07-18,21.35,21.484761980238606,21.525
2016-07-19,21.99,21.8215873267462,21.67
2016-07-20,21.86,21.847195775582065,21.924999999999997
2016-07-21,21.8,21.81573192519402,21.83
2016-07-22,21.73,21.758577308398007,21.765
2016-07-25,21.26,21.42619243613267,21.495
2016-07-26,21.38,21.39539747871089,21.32
2016-07-27,21.64,21.558465826236965,21.509999999999998
2016-07-28,22.33,22.07282194207899,21.985
2016-07-29,22.85,22.590940647359663,22.59
2016-08-01,22.8,22.730313549119888,22.825000000000003
2016-08-02,23.74,23.40343784970663,23.27
2016-08-03,22.92,23.08114594990221,23.33
2016-08-04,21.97,22.340381983300734,22.445
2016-08-05,22.2,22.246793994433578,22.085
2016-08-08,21.68,21.868931331477857,21.939999999999998
2016-08-09,21.66,21.729643777159286,21.67
2016-08-10,21.6,21.64321459238643,21.630000000000003
2016-08-11,21.61,21.621071530795476,21.605
2016-08-12,22.2,22.00702384359849,21.905
2016-10-10,21.55,21.702341281199494,21.875
2016-10-11,21.5,21.567447093733165,21.525
2016-10-12,21.1,21.255815697911057,21.3
2016-10-13,22.14,21.845271899303686,21.62
2016-10-14,22.01,21.955090633101232,22.075000000000003
2016-10-17,21.57,21.69836354436708,21.79
2016-10-18,21.26,21.406121181455692,21.415
2016-10-19,21.2,21.26870706048523,21.23
2016-10-20,21.15,21.18956902016174,21.174999999999997
2016-10-21,21.11,21.13652300672058,21.13
2016-10-24,21.16,21.152174335573527,21.134999999999998
2016-10-25,21.75,21.55072477852451,21.455
2016-10-26,22.27,22.030241592841502,22.009999999999998
2016-10-27,22.01,22.016747197613835,22.14
2016-10-28,21.63,21.758915732537943,21.82
2016-10-31,22.13,22.006305244179316,21.88
2016-11-01,23.03,22.68876841472644,22.58
2016-11-02,22.88,22.816256138242142,22.955
2016-11-03,23.3,23.138752046080715,23.09
2016-11-04,23.54,23.406250682026904,23.42
2016-11-07,25.6,24.868750227342304,24.57
2016-11-08,25.48,25.27625007578077,25.54
2016-11-09,25.15,25.19208335859359,25.314999999999998
2016-11-10,25.52,25.41069445286453,25.335
2016-11-11,25.48,25.456898150954842,25.5
2016-11-28,27.39,26.745632716984947,26.435000000000002
2016-11-29,30.13,29.001877572328315,28.759999999999998
2016-11-30,33.14,31.760625857442772,31.634999999999998
2016-12-01,33.6,32.98687528581426,33.370000000000005
2016-12-02,35.48,34.64895842860475,34.54
2016-12-05,29.35,31.116319476201586,32.415
2016-12-06,31.57,31.41877315873386,30.46
2016-12-07,32.6,32.206257719577955,32.085
2016-12-08,34.13,33.48875257319265,33.365
2016-12-09,33.19,33.289584191064215,33.66
2016-12-12,31.9,32.363194730354735,32.545
2016-12-13,30.28,30.974398243451578,31.09
2016-12-14,30.39,30.584799414483857,30.335
2016-12-15,31.28,31.048266471494617,30.835
2016-12-16,33.52,32.69608882383154,32.400000000000006
2016-12-19,31.96,32.20536294127718,32.74
2016-12-20,30.68,31.188454313759063,31.32
2016-12-21,30.35,30.629484771253022,30.515
2016-12-22,29.92,30.15649492375101,30.135
2016-12-23,29.3,29.585498307917003,29.61
2016-12-26,28.16,28.635166102639,28.73
2016-12-27,28.95,28.845055367546333,28.555
2016-12-28,29.1,29.01501845584878,29.025
2016-12-29,28.8,28.87167281861626,28.950000000000003
2016-12-30,28.8,28.823890939538757,28.8
2017-01-03,28.2,28.407963646512922,28.5
2017-01-04,28.84,28.69598788217097,28.52
2017-01-05,28.8,28.765329294056993,28.82
2017-01-06,28.55,28.62177643135233,28.675
2017-01-09,29.18,28.993925477117443,28.865000000000002
2017-01-10,29.44,29.29130849237248,29.310000000000002
2017-01-11,31.19,30.557102830790825,30.315
2017-01-12,30.38,30.439034276930272,30.785
2017-01-13,31.2,30.94634475897676,30.79
2017-01-16,32.0,31.648781586325587,31.6
2017-01-17,27.61,28.956260528775193,29.805
2017-01-18,27.88,28.23875350959173,27.745
2017-01-19,27.81,27.952917836530577,27.845
2017-01-20,27.88,27.904305945510192,27.845
2017-01-23,27.91,27.908101981836733,27.895000000000003
2017-01-24,28.68,28.422700660612247,28.295
2017-01-25,27.3,27.674233553537416,27.990000000000002
2017-01-26,27.47,27.53807785117914,27.385
2017-02-03,27.59,27.572692617059715,27.53
2017-02-06,27.86,27.764230872353238,27.725
2017-02-07,27.95,27.88807695745108,27.905
2017-02-08,27.59,27.689358985817027,27.770000000000003
2017-02-09,27.56,27.603119661939008,27.575000000000003
2017-02-10,27.58,27.587706553979668,27.57
2017-02-13,27.3,27.39590218465989,27.44
2017-02-14,27.3,27.33196739488663,27.3
2017-02-15,27.3,27.310655798295542,27.3
2017-02-16,27.27,27.28355193276518,27.285000000000004
2017-02-17,29.14,28.521183977588393,28.205000000000002
2017-02-20,29.27,29.020394659196132,29.205000000000002
2017-02-21,28.5,28.67346488639871,28.885
2017-02-22,28.18,28.344488295466235,28.340000000000003
2017-02-23,27.7,27.914829431822074,27.94
2017-02-24,27.61,27.711609810607357,27.655
2017-02-27,27.17,27.350536603535787,27.39
2017-02-28,28.1,27.850178867845262,27.635000000000005
2017-03-01,28.66,28.390059622615087,28.380000000000003
2017-03-02,27.75,27.96335320753836,28.205000000000002
2017-03-03,27.89,27.914451069179453,27.82
2017-03-06,27.9,27.904817023059817,27.895000000000003
2017-03-07,27.55,27.66827234101994,27.725
2017-03-08,27.77,27.73609078033998,27.660000000000004
2017-03-09,27.63,27.66536359344666,27.700000000000003
2017-03-10,27.55,27.588454531148887,27.590000000000003
2017-03-13,27.31,27.402818177049628,27.43
2017-03-14,27.29,27.327606059016542,27.3
2017-03-15,27.25,27.27586868633885,27.270000000000003
2017-03-16,27.33,27.311956228779618,27.29
2017-03-17,27.29,27.29731874292654,27.310000000000002
2017-03-20,27.35,27.332439580975514,27.32
2017-03-21,27.29,27.30414652699184,27.32
2017-03-22,27.09,27.161382175663945,27.19
2017-03-23,27.8,27.587127391887986,27.445
2017-03-24,27.5,27.529042463962664,27.650000000000002
2017-03-27,27.35,27.40968082132089,27.425000000000004
2017-03-28,27.2,27.26989360710696,27.275000000000002
2017-03-29,27.07,27.13663120236899,27.135
2017-03-30,26.88,26.965543734122992,26.975
2017-03-31,25.35,25.888514578040997,26.115000000000002
2017-04-05,25.65,25.729504859347,25.5
2017-04-06,25.94,25.869834953115667,25.795
2017-04-07,25.9,25.88994498437189,25.92
2017-04-10,25.81,25.83664832812396,25.855
2017-04-11,25.62,25.692216109374655,25.715000000000003
2017-04-12,25.09,25.290738703124884,25.355000000000004
2017-04-13,23.58,24.15024623437496,24.335
2017-04-14,23.38,23.636748744791657,23.48
2017-04-17,24.5,24.21224958159722,23.94
2017-04-18,23.97,24.050749860532406,24.235
2017-04-19,23.6,23.750249953510803,23.785000000000004
2017-04-20,22.4,22.850083317836933,23.0
2017-04-21,21.44,21.910027772612313,21.92
2017-04-24,21.29,21.4966759242041,21.365000000000002
2017-04-25,21.36,21.405558641401367,21.325000000000003
2017-04-26,21.28,21.321852880467123,21.32
2017-04-27,21.07,21.153950960155708,21.175000000000004
2017-04-28,21.18,21.17131698671857,21.125
2017-05-02,21.5,21.390438995572854,21.340000000000003
2017-05-03,22.26,21.97014633185762,21.880000000000003
2017-05-04,22.1,22.05671544395254,22.180000000000003
2017-05-05,24.05,23.38557181465085,23.075000000000003
2017-05-08,23.76,23.63519060488362,23.905
2017-11-01,16.71,19.01839686829454,20.235000000000003
2017-11-02,18.38,18.59279895609818,17.545
2017-11-03,16.98,17.517599652032725,17.68
2017-11-06,16.5,16.83919988401091,16.740000000000002
2017-11-07,15.88,16.199733294670306,16.19
2017-11-08,15.88,15.986577764890102,15.88
2017-11-09,15.54,15.688859254963367,15.71
2017-11-10,15.04,15.256286418321123,15.290000000000001
2017-11-13,14.48,14.738762139440375,14.760000000000002
2017-11-14,15.41,15.186254046480125,14.945000000000002
2017-11-15,16.76,16.235418015493376,16.085
2017-11-16,16.35,16.31180600516446,16.555000000000003
2017-11-17,16.06,16.14393533505482,16.205000000000002
2017-11-20,15.99,16.04131177835161,16.025000000000002
2017-11-21,16.2,16.1471039261172,16.095
2017-11-22,16.01,16.055701308705736,16.105
2017-11-23,16.03,16.03856710290191,16.020000000000003
2017-11-24,15.95,15.97952236763397,15.990000000000002
2017-11-27,16.08,16.04650745587799,16.015
2017-11-28,15.87,15.928835818625997,15.975000000000001
2017-11-29,15.99,15.969611939541998,15.930000000000001
2017-11-30,15.86,15.896537313180666,15.925
2017-12-01,15.49,15.625512437726888,15.675
2017-12-04,15.52,15.55517081257563,15.505000000000003
2017-12-05,15.35,15.418390270858543,15.435000000000002
2017-12-06,15.03,15.159463423619513,15.190000000000001
2017-12-07,14.99,15.046487807873172,15.010000000000002
2017-12-08,14.96,14.988829269291058,14.975000000000001
2017-12-11,14.97,14.97627642309702,14.965000000000003
2017-12-12,14.96,14.965425474365674,14.965000000000003
2017-12-13,14.91,14.928475158121891,14.935000000000002
2017-12-14,14.61,14.71615838604063,14.760000000000002
2017-12-15,14.56,14.612052795346877,14.585
2017-12-18,14.58,14.590684265115627,14.570000000000002
2017-12-19,14.94,14.823561421705207,14.760000000000002
2017-12-20,16.2,15.741187140568401,15.57
2017-12-21,15.86,15.8203957135228,16.03
2017-12-22,16.09,16.0001319045076,15.975000000000001
2017-12-25,16.06,16.0400439681692,16.075000000000003
2017-12-26,16.09,16.073347989389735,16.075000000000003
2017-12-27,16.0,16.024449329796578,16.045
2017-12-28,15.95,15.974816443265524,15.975000000000001
2017-12-29,15.91,15.931605481088509,15.930000000000001
2018-01-02,15.98,15.96386849369617,15.945000000000002
2018-01-03,16.0,15.98795616456539,15.990000000000002
2018-01-04,16.98,16.649318721521798,16.490000000000002
2018-03-05,16.2,16.349772907173932,16.590000000000003
2018-03-06,15.59,15.843257635724646,15.895000000000001
2018-03-07,14.93,15.234419211908216,15.260000000000002
2018-03-08,14.58,14.798139737302739,14.755000000000003
2018-03-09,14.67,14.71271324576758,14.625000000000002
2018-03-12,15.3,15.104237748589194,14.985000000000003
2018-03-13,15.21,15.174745916196398,15.255000000000003
2018-03-14,14.96,15.031581972065467,15.085000000000003
2018-03-15,14.77,14.857193990688488,14.865000000000002
2018-03-16,14.79,14.812397996896161,14.780000000000001
2018-03-19,14.73,14.757465998965387,14.760000000000002
2018-03-20,14.5,14.58582199965513,14.615000000000002
2018-03-21,14.55,14.561940666551711,14.525000000000002
2018-03-22,14.38,14.440646888850571,14.465000000000003
2018-03-23,14.06,14.186882296283523,14.220000000000002
2018-03-26,12.84,13.28896076542784,13.450000000000003
2018-03-27,13.82,13.64298692180928,13.330000000000002
2018-03-28,14.5,14.214328973936427,14.160000000000002
2018-03-29,14.08,14.124776324645476,14.290000000000003
2018-03-30,14.41,14.31492544154849,14.245000000000001
2018-04-02,14.49,14.431641813849497,14.450000000000003
2018-04-03,14.2,14.277213937949831,14.345000000000002
2018-04-04,14.1,14.159071312649942,14.150000000000002
2018-04-09,15.05,14.753023770883315,14.575000000000003
2018-04-10,14.53,14.604341256961105,14.790000000000003
2018-04-11,14.38,14.454780418987035,14.455000000000002
2018-04-12,14.4,14.418260139662346,14.390000000000002
2018-04-13,14.38,14.39275337988745,14.390000000000002
2018-04-16,14.32,14.344251126629151,14.350000000000001
2018-04-17,14.35,14.348083708876382,14.335
2018-04-18,14.45,14.416027902958794,14.400000000000002
2018-04-19,14.41,14.412009300986265,14.430000000000001
2018-04-20,14.33,14.35733643366209,14.370000000000001
2018-04-23,13.88,14.03911214455403,14.105000000000002
2018-04-24,14.53,14.366370714851342,14.205000000000002
2018-04-25,14.26,14.295456904950447,14.395000000000001
2018-04-26,14.21,14.238485634983483,14.235000000000003
2018-04-27,14.2,14.212828544994494,14.205000000000002
2018-05-02,14.26,14.24427618166483,14.23
2018-05-03,14.28,14.268092060554944,14.270000000000001
2018-05-04,14.27,14.26936402018498,14.275000000000002
2018-05-07,14.48,14.409788006728327,14.375000000000002
2018-05-08,14.3,14.336596002242777,14.390000000000002
2018-05-09,14.59,14.505532000747593,14.445000000000002
2018-05-10,14.45,14.468510666915863,14.520000000000001
2018-05-11,14.77,14.66950355563862,14.610000000000001
2018-05-14,14.7,14.689834518546206,14.735000000000001
2018-05-15,14.36,14.469944839515401,14.530000000000001
2018-05-16,14.2,14.289981613171799,14.280000000000001
2018-05-17,14.35,14.329993871057267,14.275000000000002
2018-05-18,14.4,14.376664623685755,14.375000000000002
2018-05-21,14.4,14.392221541228585,14.4
2018-05-22,14.4,14.397407180409528,14.4
2018-05-23,15.5,15.13246906013651,14.950000000000003
2018-05-24,16.82,16.25748968671217,16.160000000000004
2018-05-25,17.36,16.99249656223739,17.090000000000003
2018-05-28,17.11,17.070832187412464,17.235000000000003
2018-05-29,18.39,17.950277395804154,17.750000000000004
2018-05-30,17.5,17.65009246526805,17.945000000000004
2018-05-31,18.51,18.223364155089353,18.005000000000003
2018-06-01,19.37,18.98778805169645,18.940000000000005
2018-06-04,19.2,19.129262683898816,19.285000000000004
2018-06-05,19.68,19.496420894632937,19.440000000000005
2018-06-06,19.5,19.498806964877645,19.590000000000003
2018-07-06,17.54,18.192935654959214,18.520000000000003
2018-07-09,18.36,18.304311884986404,17.950000000000003
2018-07-10,19.13,18.8547706283288,18.745000000000005
2018-07-11,18.75,18.784923542776266,18.940000000000005
2018-07-12,18.35,18.494974514258757,18.550000000000004
2018-07-13,17.96,18.138324838086252,18.155000000000005
2018-07-16,17.79,17.906108279362083,17.875000000000004
2018-07-17,17.12,17.382036093120693,17.455000000000005
2018-07-18,18.83,18.347345364373563,17.975
2018-07-19,20.45,19.74911512145785,19.64
2018-07-20,19.96,19.88970504048595,20.205000000000005
2018-07-23,19.09,19.35656834682865,19.525000000000006
2018-07-24,18.65,18.885522782276215,18.870000000000005
2018-07-25,18.64,18.721840927425404,18.645000000000003
2018-07-26,19.38,19.160613642475134,19.010000000000005
2018-07-27,18.96,19.02687121415838,19.17
2018-07-30,18.31,18.548957071386127,18.635000000000005
2018-07-31,18.48,18.502985690462044,18.395000000000003
2018-08-01,19.2,18.967661896820683,18.840000000000003
2018-08-02,18.12,18.402553965606895,18.660000000000004
2018-08-03,17.57,17.847517988535632,17.845000000000006
2018-08-06,17.46,17.58917266284521,17.515000000000004
2018-08-07,17.8,17.729724220948402,17.630000000000003
2018-08-08,17.78,17.7632414069828,17.790000000000006
2018-08-09,17.48,17.5744138023276,17.630000000000003
2018-08-10,17.49,17.518137934109202,17.485000000000003
2018-08-13,17.31,17.379379311369732,17.400000000000002
2018-08-14,17.33,17.346459770456576,17.32
2018-08-15,17.28,17.30215325681886,17.305000000000003
2018-08-16,16.82,16.98071775227295,17.050000000000004
2018-08-17,17.0,16.993572584090984,16.910000000000004
2018-08-20,17.76,17.504524194696994,17.380000000000003
2018-08-21,17.65,17.601508064898997,17.705000000000005
2018-08-22,17.46,17.507169354966333,17.555000000000003
2018-08-23,17.45,17.469056451655444,17.455000000000005
2018-08-24,17.26,17.329685483885147,17.355000000000004
2018-08-27,17.34,17.336561827961717,17.300000000000004
2018-08-28,17.87,17.69218727598724,17.605000000000004
2018-08-29,17.97,17.877395758662413,17.92
2018-08-30,17.9,17.892465252887472,17.935000000000002
2018-08-31,17.98,17.95082175096249,17.940000000000005
2018-09-03,18.19,18.1102739169875,18.085000000000004
2018-09-04,18.18,18.156757972329164,18.185000000000002
2018-09-05,17.77,17.898919324109723,17.975
2018-09-06,17.49,17.626306441369906,17.630000000000003
2018-09-07,17.3,17.40876881378997,17.395000000000003
2018-09-10,17.24,17.29625627126332,17.270000000000003
2018-09-11,17.69,17.55875209042111,17.465000000000003
2018-09-12,17.45,17.486250696807037,17.570000000000004
2018-09-13,17.34,17.388750232269015,17.395000000000003
2018-09-14,17.16,17.236250077423005,17.250000000000004
2018-09-17,17.05,17.112083359141,17.105000000000004
2018-09-18,16.96,17.010694453046998,17.005000000000003
2018-09-19,16.64,16.763564817682333,16.800000000000004
2018-09-20,16.58,16.64118827256078,16.610000000000003
2018-09-21,16.39,16.473729424186928,16.485000000000003
2018-09-25,17.4,17.09124314139564,16.895000000000003
2018-09-26,16.93,16.983747713798547,17.165000000000003
2018-09-27,16.5,16.66124923793285,16.715000000000003
2018-09-28,16.17,16.333749745977617,16.335000000000004
2018-10-08,15.33,15.664583248659206,15.750000000000004
2018-10-09,14.95,15.188194416219735,15.140000000000004
2018-10-10,14.97,15.042731472073244,14.960000000000004
2018-10-11,14.92,14.960910490691083,14.945000000000004
2018-10-12,13.41,13.926970163563695,14.165000000000003
2018-10-15,13.69,13.76899005452123,13.550000000000004
2018-10-16,14.0,13.922996684840411,13.845000000000002
2018-10-17,14.28,14.160998894946802,14.140000000000004
2018-10-18,14.38,14.306999631648935,14.330000000000004
2018-10-19,14.5,14.435666543882979,14.440000000000005
2018-10-22,15.49,15.13855551462766,14.995000000000005
2018-10-23,14.82,14.926185171542555,15.155000000000005
2018-10-24,14.67,14.75539505718085,14.745000000000005
2018-10-25,14.89,14.84513168572695,14.780000000000005
2018-10-26,15.25,15.115043895242316,15.070000000000004
2018-10-29,15.99,15.698347965080771,15.620000000000005
2018-10-30,15.71,15.706115988360258,15.850000000000005
2018-10-31,16.32,16.115371996120086,16.015000000000004
2018-11-01,17.23,16.85845733204003,16.775000000000006
2018-11-02,17.62,17.36615244401334,17.425000000000004
2018-11-05,17.49,17.44871748133778,17.555000000000003
2018-11-06,17.25,17.316239160445928,17.370000000000005
2018-11-07,17.23,17.258746386815307,17.240000000000002
2018-11-08,17.25,17.25291546227177,17.240000000000002
2018-11-09,17.99,17.744305154090586,17.620000000000005
2018-11-12,17.86,17.821435051363526,17.925000000000004
2018-11-13,17.69,17.733811683787845,17.775000000000006
2018-11-14,18.16,18.01793722792928,17.925000000000004
2018-11-15,17.53,17.692645742643094,17.845000000000006
2018-11-16,16.8,17.097548580881032,17.165000000000006
2018-11-19,16.75,16.865849526960343,16.775000000000006
2018-11-20,17.27,17.135283175653445,17.010000000000005
2018-11-21,16.88,16.96509439188448,17.075000000000003
2018-11-22,17.89,17.58169813062816,17.385000000000005
2018-11-23,17.79,17.720566043542718,17.840000000000003
2018-11-26,18.2,18.040188681180904,17.995000000000005
2018-11-27,17.8,17.88006289372697,18.000000000000004
2018-11-28,17.44,17.586687631242324,17.620000000000005
2018-11-29,18.37,18.108895877080773,17.905000000000005
2018-11-30,18.35,18.269631959026924,18.360000000000007
2018-12-03,19.94,19.383210653008977,19.145000000000003
2018-12-04,19.43,19.41440355100299,19.685000000000002
2018-12-05,18.95,19.104801183667664,19.190000000000005
2018-12-06,18.85,18.93493372788922,18.900000000000006
2018-12-07,18.83,18.864977909296403,18.840000000000003
2018-12-10,18.9,18.888325969765464,18.865000000000002
2018-12-11,18.73,18.782775323255155,18.815000000000005
2018-12-12,18.87,18.84092510775172,18.800000000000004
2018-12-13,18.77,18.79364170258391,18.820000000000004
2018-12-14,18.72,18.744547234194638,18.745000000000005
2018-12-17,18.64,18.67484907806488,18.680000000000003
2018-12-18,18.48,18.544949692688295,18.560000000000002
2018-12-19,18.55,18.548316564229435,18.515000000000004
2018-12-20,18.12,18.26277218807648,18.335000000000004
2018-12-21,17.91,18.027590729358824,18.015000000000004
2018-12-24,17.58,17.72919690978627,17.745000000000005
2018-12-25,17.83,17.796398969928756,17.705000000000002
2018-12-26,17.3,17.465466323309585,17.565000000000005
2018-12-27,17.75,17.655155441103194,17.525000000000006
2018-12-28,17.1,17.285051813701063,17.425000000000004
2019-01-02,17.4,17.361683937900352,17.250000000000004
2019-01-03,17.49,17.447227979300116,17.445
2019-01-04,18.93,18.435742659766706,18.21
2019-01-07,19.17,18.92524755325557,19.050000000000004
2019-01-08,19.64,19.401749184418524,19.405000000000005
2019-01-09,19.45,19.433916394806175,19.545
2019-01-10,21.01,20.484638798268726,20.230000000000004
2019-01-11,21.0,20.82821293275624,21.005000000000003
2019-01-14,20.93,20.896070977585413,20.965000000000003
2019-01-15,20.71,20.77202365919514,20.820000000000004
2019-01-16,20.6,20.657341219731716,20.655000000000005
2019-01-17,20.62,20.632447073243906,20.610000000000007
2019-01-18,20.99,20.8708156910813,20.805000000000003
2019-01-21,20.59,20.68360523036043,20.790000000000003
2019-01-22,20.47,20.541201743453474,20.53
2019-01-23,20.2,20.31373391448449,20.335
2019-01-24,20.2,20.237911304828163,20.2
2019-01-25,20.14,20.172637101609386,20.17
2019-01-28,21.9,21.324212367203128,21.020000000000003
2019-01-29,21.97,21.754737455734375,21.935000000000002
2019-01-30,21.9,21.851579151911455,21.935000000000002
2019-01-31,21.49,21.610526383970484,21.695
2019-02-01,21.48,21.52350879465683,21.485000000000003
2019-02-11,21.37,21.421169598218942,21.425000000000004
2019-02-12,21.48,21.460389866072983,21.425000000000004
2019-02-13,21.43,21.440129955357662,21.455000000000005
2019-02-14,21.39,21.40670998511922,21.410000000000004
2019-02-15,21.58,21.522236661706405,21.485000000000003
2019-02-18,21.54,21.534078887235466,21.560000000000002
2019-02-19,21.54,21.538026295745155,21.54
2019-02-20,21.28,21.366008765248385,21.410000000000004
2019-02-21,21.46,21.428669588416128,21.370000000000005
2019-02-22,23.44,22.769556529472045,22.450000000000003
2019-02-25,23.48,23.243185509824016,23.460000000000004
2019-02-26,23.78,23.601061836608007,23.630000000000003
2019-02-27,22.96,23.173687278869338,23.370000000000005
2019-02-28,22.98,23.044562426289776,22.970000000000006
2019-03-01,22.68,22.801520808763257,22.830000000000005
2019-03-04,22.45,22.567173602921088,22.565000000000005
2019-03-05,22.54,22.54905786764036,22.495000000000005
2019-03-06,22.54,22.54301928921345,22.54
2019-03-07,22.97,22.82767309640448,22.755000000000003
2019-03-08,23.1,23.00922436546816,23.035000000000004
2019-03-11,23.2,23.136408121822722,23.150000000000006
2019-03-12,23.2,23.17880270727424,23.2
2019-03-13,22.96,23.03293423575808,23.080000000000005
2019-03-14,22.89,22.937644745252694,22.925000000000004
2019-03-15,23.21,23.119214915084232,23.050000000000004
2019-03-18,25.0,24.37307163836141,24.105000000000004
2019-03-19,24.4,24.3910238794538,24.700000000000003
2019-03-20,23.78,23.9836746264846,24.090000000000003
2019-03-21,23.78,23.847891542161534,23.78
2019-03-22,24.37,24.19596384738718,24.075000000000003
2019-03-25,23.8,23.931987949129063,24.085000000000004
2019-03-26,23.59,23.70399598304302,23.695000000000004
2019-03-27,23.62,23.64799866101434,23.605000000000004
2019-03-28,23.73,23.702666220338113,23.675000000000004
2019-03-29,24.22,24.04755540677937,23.975
2019-04-01,24.29,24.20918513559312,24.255000000000003
2019-04-02,24.95,24.703061711864375,24.620000000000005
2019-04-03,24.6,24.634353903954793,24.775000000000006
2019-04-04,24.78,24.731451301318263,24.690000000000005
2019-04-08,24.45,24.543817100439423,24.615000000000002
2019-04-09,24.12,24.26127236681314,24.285000000000004
2019-04-10,24.42,24.367090788937716,24.270000000000003
2019-04-11,24.16,24.22903026297924,24.290000000000006
2019-04-12,24.25,24.243010087659744,24.205000000000005
2019-04-15,23.48,23.734336695886583,23.865000000000002
2019-04-16,22.65,23.011445565295528,23.065000000000005
2019-04-17,23.99,23.66381518843184,23.32
2019-04-18,23.2,23.354605062810617,23.595000000000002
2019-04-19,22.98,23.104868354270206,23.090000000000003
2019-04-22,22.51,22.7082894514234,22.745000000000005
2019-04-23,22.0,22.2360964838078,22.255000000000003
2019-04-24,21.3,21.61203216126927,21.650000000000006
2019-04-25,22.03,21.890677387089756,21.665000000000006
2019-04-26,21.4,21.563559129029915,21.715000000000003
2019-04-29,21.4,21.454519709676635,21.4
2019-04-30,21.88,21.73817323655888,21.64
2019-05-06,21.22,21.392724412186293,21.550000000000004
2019-05-07,21.45,21.43090813739543,21.335
2019-05-08,21.39,21.40363604579848,21.42
2019-05-09,21.18,21.254545348599493,21.285000000000004
2019-05-10,21.99,21.744848449533162,21.585
2019-05-13,21.77,21.761616149844386,21.880000000000003
2019-05-14,21.68,21.70720538328146,21.725
2019-05-15,23.38,22.82240179442715,22.53
2019-05-16,23.25,23.10746726480905,23.315000000000005
2019-05-17,23.37,23.282489088269685,23.310000000000002
2019-05-20,22.95,23.060829696089893,23.160000000000004
2019-05-21,23.09,23.080276565363295,23.020000000000003
2019-05-22,22.89,22.953425521787764,22.990000000000002
2019-05-23,22.79,22.844475173929254,22.840000000000003
2019-05-24,22.15,22.381491724643084,22.470000000000002
2019-05-27,22.18,22.24716390821436,22.165000000000003
2019-05-28,23.85,23.315721302738122,23.015000000000004
2019-05-29,22.6,22.838573767579376,23.225000000000005
2019-05-30,21.97,22.259524589193123,22.285000000000004
2019-05-31,21.73,21.90650819639771,21.85
2019-06-03,21.66,21.742169398799234,21.695000000000004
2019-06-04,21.63,21.667389799599743,21.645000000000003
2019-06-05,21.95,21.85579659986658,21.790000000000003
2019-06-06,21.96,21.92526553328886,21.955000000000005
2019-06-10,21.85,21.87508851109629,21.905000000000005
2019-06-11,22.28,22.145029503698765,22.065000000000005
2019-06-12,22.4,22.315009834566254,22.340000000000003
2019-06-13,22.4,22.371669944855416,22.4
2019-06-14,13.15,16.223889981618473,17.775000000000002
2019-06-17,12.88,13.994629993872826,13.015000000000004
2019-06-18,13.33,13.551543331290942,13.105000000000004
2019-06-19,13.21,13.323847777096981,13.270000000000003
2019-06-20,13.01,13.114615925698994,13.110000000000003
2019-06-21,13.1,13.104871975232998,13.055000000000003
2019-06-24,13.1,13.101623991744333,13.1
2019-06-25,13.03,13.053874663914778,13.065000000000003
2019-06-26,12.96,12.99129155463826,12.995000000000005
2019-06-27,13.09,13.057097184879419,13.025000000000004
2019-06-28,13.14,13.11236572829314,13.115000000000004
2019-07-01,13.45,13.33745524276438,13.295000000000003
2019-07-02,13.39,13.372485080921459,13.420000000000003
2019-07-03,13.45,13.424161693640485,13.420000000000003
2019-07-04,13.48,13.461387231213495,13.465000000000003
2019-07-05,13.42,13.433795743737832,13.450000000000003
2019-07-08,13.45,13.444598581245943,13.435000000000002
2019-07-09,13.42,13.428199527081981,13.435000000000002
2019-07-10,13.4,13.409399842360662,13.410000000000004
2019-07-11,13.38,13.389799947453554,13.390000000000004
2019-07-12,12.94,13.08993331581785,13.160000000000004
2019-07-15,13.25,13.19664443860595,13.095000000000002
2019-07-16,13.29,13.258881479535317,13.270000000000003
2019-07-17,13.29,13.279627159845106,13.29
2019-07-18,13.19,13.219875719948368,13.240000000000002
2019-07-19,13.05,13.10662523998279,13.120000000000005
2019-07-22,13.13,13.122208413327598,13.090000000000003
2019-07-23,12.92,12.987402804442533,13.025000000000004
2019-07-24,13.15,13.095800934814179,13.035000000000004
2019-07-25,13.22,13.178600311604725,13.185000000000004
2019-07-26,13.3,13.259533437201576,13.260000000000005
2019-07-29,13.35,13.319844479067191,13.325000000000003
2019-07-30,13.38,13.359948159689063,13.365000000000004
2019-07-31,13.23,13.273316053229687,13.305000000000003
2019-08-01,13.25,13.257772017743228,13.240000000000004
2019-08-02,13.1,13.152590672581075,13.175000000000004
2019-08-05,13.17,13.164196890860358,13.135000000000003
2019-08-06,12.77,12.90139896362012,12.970000000000002
2019-08-07,12.8,12.833799654540039,12.785000000000004
2019-08-08,12.76,12.78459988484668,12.780000000000005
2019-08-09,12.65,12.694866628282227,12.705000000000004
2019-08-12,12.28,12.418288876094076,12.465000000000003
2019-08-13,11.92,12.086096292031359,12.100000000000003
2019-08-14,12.08,12.082032097343786,12.000000000000004
2019-08-15,11.95,11.994010699114595,12.015000000000004
2019-08-16,11.92,11.944670233038197,11.935000000000002
2019-08-19,12.36,12.221556744346065,12.140000000000004
2019-08-20,12.37,12.32051891478202,12.365000000000002
2019-08-21,12.43,12.39350630492734,12.400000000000002
2019-08-22,12.54,12.491168768309114,12.485000000000003
2019-08-23,12.62,12.577056256103036,12.580000000000002
2019-08-26,12.47,12.505685418701013,12.545000000000003
2019-08-27,12.63,12.58856180623367,12.550000000000004
2019-08-28,12.65,12.62952060207789,12.640000000000004
2019-08-29,12.69,12.669840200692628,12.670000000000003
2019-08-30,12.6,12.623280066897543,12.645000000000003
2019-09-02,12.69,12.667760022299182,12.645000000000003
2019-09-03,12.86,12.795920007433061,12.775000000000002
2019-09-04,12.87,12.845306669144355,12.865000000000002
2019-09-05,12.99,12.941768889714785,12.930000000000003
2019-09-06,12.88,12.900589629904928,12.935000000000004
2019-09-09,12.96,12.940196543301644,12.920000000000005
2019-09-10,13.18,13.100065514433881,13.070000000000004
2019-09-11,13.13,13.120021838144629,13.155000000000005
2019-09-12,13.07,13.08667394604821,13.100000000000005
2019-09-16,13.08,13.082224648682738,13.075000000000003
2019-09-17,13.03,13.047408216227579,13.055000000000003
2019-09-18,12.89,12.942469405409193,12.960000000000004
2019-09-19,12.92,12.927489801803064,12.905000000000005
2019-09-20,12.95,12.94249660060102,12.935000000000002
2019-09-23,12.92,12.927498866867007,12.935000000000002
2019-09-24,12.88,12.895832955622337,12.900000000000004
2019-09-25,12.8,12.83194431854078,12.840000000000003
2019-09-26,12.54,12.637314772846926,12.670000000000003
2019-09-27,12.34,12.43910492428231,12.440000000000003
2019-09-30,12.41,12.419701641427437,12.375000000000004
2019-10-08,12.47,12.453233880475812,12.440000000000005
2019-10-09,12.35,12.384411293491937,12.410000000000004
2019-10-10,12.49,12.454803764497314,12.420000000000003
2019-10-11,12.77,12.664934588165771,12.630000000000003
2019-10-14,12.65,12.654978196055259,12.710000000000004
2019-10-15,12.52,12.56499273201842,12.585000000000004
2019-10-16,12.37,12.434997577339473,12.445000000000004
2019-10-17,12.37,12.391665859113155,12.37
2019-10-18,12.33,12.350555286371053,12.350000000000003
2019-10-21,12.16,12.223518428790351,12.245000000000005
2019-10-22,12.6,12.474506142930117,12.380000000000003
2019-10-23,12.69,12.61816871431004,12.645000000000003
2019-10-24,12.68,12.659389571436678,12.685000000000002
2019-10-25,12.9,12.819796523812228,12.790000000000003
2019-10-28,12.95,12.906598841270743,12.925000000000004
2019-10-29,12.74,12.795532947090246,12.845000000000002
2019-10-30,12.62,12.678510982363415,12.680000000000003
2019-10-31,12.57,12.606170327454471,12.595000000000002
2019-11-01,12.34,12.428723442484824,12.455000000000004
2019-11-04,11.95,12.109574480828273,12.145000000000003
2019-11-05,11.75,11.86985816027609,11.850000000000003
2019-11-06,11.98,11.943286053425362,11.865000000000004
2019-11-07,12.0,11.981095351141787,11.990000000000004
2019-11-08,12.11,12.06703178371393,12.055000000000003
2019-11-11,11.99,12.015677261237977,12.050000000000004
2019-11-12,11.97,11.985225753745993,11.980000000000004
2019-11-13,11.85,11.895075251248665,11.910000000000004
2019-11-14,11.75,11.798358417082888,11.800000000000004
2019-11-15,11.68,11.719452805694296,11.715000000000003
2019-11-18,12.03,11.926484268564764,11.855000000000004
2019-11-19,12.0,11.975494756188255,12.015000000000004
2019-11-20,11.81,11.86516491872942,11.905000000000005
2019-11-21,11.74,11.781721639576475,11.775000000000004
2019-11-22,11.77,11.773907213192158,11.755000000000003
2019-11-25,11.63,11.677969071064053,11.700000000000003
2019-11-26,11.38,11.479323023688018,11.505000000000004
2019-11-27,11.4,11.426441007896008,11.390000000000004
2019-11-28,11.47,11.455480335965335,11.435000000000004
2019-11-29,11.77,11.665160111988444,11.620000000000005
2019-12-02,11.76,11.728386703996149,11.765000000000004
2019-12-03,11.58,11.629462234665382,11.670000000000003
2019-12-04,11.42,11.489820744888462,11.500000000000004
2019-12-05,11.48,11.483273581629488,11.450000000000003
2019-12-06,11.47,11.474424527209829,11.475000000000005
2019-12-09,11.5,11.491474842403276,11.485000000000003
2019-12-10,11.37,11.410491614134424,11.435000000000002
2019-12-11,11.32,11.350163871378141,11.345000000000002
2019-12-12,11.29,11.310054623792714,11.305000000000003
2019-12-13,11.37,11.350018207930903,11.330000000000002
2019-12-16,11.49,11.443339402643636,11.430000000000003
2019-12-17,11.4,11.414446467547878,11.445000000000004
2019-12-18,11.4,11.404815489182626,11.4
2019-12-19,11.53,11.488271829727543,11.465000000000003
2019-12-20,11.48,11.482757276575848,11.505000000000003
2019-12-23,11.48,11.480919092191948,11.48
2019-12-24,11.3,11.360306364063982,11.390000000000004
2019-12-25,11.32,11.333435454687994,11.310000000000004
2019-12-26,11.4,11.377811818229333,11.360000000000003
2019-12-27,11.37,11.372603939409776,11.385000000000003
2019-12-30,11.13,11.21086797980326,11.250000000000004
2019-12-31,11.06,11.110289326601086,11.095000000000004
2020-01-02,11.56,11.410096442200363,11.310000000000004
2020-01-03,11.49,11.463365480733453,11.525000000000004
2020-01-06,11.41,11.427788493577816,11.450000000000003
2020-01-07,11.4,11.409262831192606,11.405000000000005
2020-01-08,11.54,11.496420943730868,11.470000000000002
2020-01-09,11.55,11.532140314576957,11.545000000000003
2020-01-10,11.58,11.564046771525653,11.565000000000005
2020-01-13,11.54,11.54801559050855,11.560000000000002
2020-01-14,12.62,12.26267186350285,12.080000000000002
2020-01-15,12.49,12.41422395450095,12.555000000000003
2020-01-16,12.41,12.41140798483365,12.450000000000003
2020-01-17,12.54,12.49713599494455,12.475000000000003
2020-01-20,12.36,12.40571199831485,12.450000000000003
2020-01-21,12.11,12.208570666104949,12.235000000000003
2020-01-22,11.7,11.869523555368316,11.905000000000003
2020-01-23,11.35,11.523174518456104,11.525000000000002
2020-02-03,9.95,10.474391506152033,10.650000000000002
2020-02-04,9.7,9.958130502050677,9.825000000000003
2020-02-05,9.76,9.826043500683559,9.730000000000004
2020-02-06,10.59,10.335347833561187,10.175000000000004
2020-02-07,11.28,10.965115944520397,10.935000000000002
2020-02-10,10.69,10.781705314840131,10.985000000000003
2020-02-11,10.88,10.84723510494671,10.785000000000004
2020-02-12,10.78,10.802411701648902,10.830000000000004
2020-02-13,10.74,10.760803900549634,10.760000000000003
2020-02-14,10.78,10.773601300183211,10.760000000000003
2020-02-17,10.7,10.724533766727737,10.740000000000002
2020-02-18,10.84,10.801511255575912,10.770000000000003
2020-02-19,11.11,11.007170418525304,10.975000000000003
2020-02-20,11.35,11.235723472841768,11.230000000000004
2020-02-21,11.49,11.405241157613922,11.420000000000003
2020-02-24,11.59,11.528413719204641,11.540000000000003
2020-02-25,11.45,11.476137906401547,11.520000000000003
2020-02-26,11.6,11.558712635467183,11.525000000000002
2020-02-27,11.43,11.472904211822394,11.515000000000004
2020-02-28,11.24,11.317634737274131,11.335000000000004
2020-03-02,11.18,11.225878245758045,11.210000000000004
2020-03-03,11.66,11.515292748586015,11.420000000000003
2020-03-04,11.35,11.405097582862005,11.505000000000003
2020-03-05,11.37,11.381699194287336,11.360000000000003
2020-03-06,11.39,11.387233064762446,11.380000000000003
2020-03-09,11.23,11.282411021587484,11.310000000000004
2020-03-10,10.97,11.074137007195828,11.100000000000005
2020-03-11,11.45,11.324712335731943,11.210000000000004
2020-03-12,11.08,11.161570778577314,11.265000000000004
2020-03-13,10.83,10.940523592859103,10.955000000000004
2020-03-16,11.09,11.040174530953033,10.960000000000004
2020-03-17,10.27,10.52672484365101,10.680000000000003
2020-03-18,10.32,10.388908281217004,10.295000000000003
2020-03-19,10.34,10.356302760405669,10.330000000000004
2020-03-20,10.48,10.43876758680189,10.410000000000004
2020-03-23,10.4,10.412922528933963,10.440000000000005
2020-03-24,10.69,10.597640842977988,10.545000000000003
2020-03-25,10.85,10.765880280992661,10.770000000000003
2020-03-26,10.86,10.828626760330886,10.855000000000004
2020-03-27,11.07,10.989542253443629,10.965000000000003
2020-03-30,10.64,10.75651408448121,10.855000000000004
2020-03-31,10.84,10.812171361493737,10.740000000000004
2020-04-01,10.62,10.684057120497911,10.730000000000004
2020-04-02,10.3,10.428019040165971,10.460000000000004
2020-04-03,10.4,10.409339680055323,10.350000000000005
2020-04-07,10.36,10.376446560018442,10.380000000000003
2020-04-08,10.27,10.305482186672814,10.315000000000003
2020-04-09,10.14,10.195160728890938,10.205000000000004
2020-04-10,10.15,10.165053576296978,10.145000000000003
2020-04-13,10.17,10.168351192098994,10.160000000000004
2020-04-14,10.21,10.196117064032999,10.190000000000005
2020-04-15,10.19,10.192039021344334,10.200000000000003
2020-04-16,9.81,9.93734634044811,10.000000000000004
2020-04-17,9.73,9.799115446816037,9.770000000000003
2020-04-20,9.67,9.713038482272012,9.700000000000003
2020-04-21,9.44,9.531012827424004,9.555000000000003
2020-04-22,9.25,9.343670942474668,9.345000000000002
2020-04-23,9.34,9.341223647491555,9.295000000000003
2020-04-24,9.24,9.273741215830519,9.290000000000003
2020-04-27,9.12,9.171247071943506,9.180000000000003
2020-04-28,8.9,8.990415690647836,9.010000000000003
2020-04-29,8.92,8.943471896882611,8.910000000000004
2020-04-30,8.85,8.88115729896087,8.885000000000003
2020-05-06,8.72,8.773719099653624,8.785000000000004
2020-05-07,8.59,8.651239699884542,8.655000000000005
2020-05-08,9.3,9.08374656662818,8.945000000000004
2020-05-11,9.29,9.221248855542726,9.295000000000003
2020-05-12,8.93,9.027082951847575,9.110000000000003
2020-05-13,8.83,8.895694317282524,8.880000000000003
2020-05-14,9.52,9.311898105760841,9.175000000000004
2020-05-15,9.41,9.377299368586947,9.465000000000003
2020-05-18,9.83,9.679099789528982,9.620000000000005
2020-05-19,10.09,9.953033263176328,9.960000000000004
2020-05-20,9.98,9.971011087725444,10.035000000000004
2020-05-21,10.06,10.030337029241815,10.020000000000003
2020-05-22,10.06,10.050112343080606,10.06
2020-05-25,9.97,9.996704114360202,10.015000000000004
2020-05-26,9.89,9.925568038120067,9.930000000000003
2020-05-27,9.73,9.795189346040024,9.810000000000004
2020-05-28,9.56,9.638396448680007,9.645000000000003
2020-05-29,9.38,9.466132149560003,9.470000000000004
2020-06-01,9.43,9.442044049853335,9.405000000000005
2020-06-02,9.59,9.540681349951113,9.510000000000003
2020-06-03,9.62,9.593560449983704,9.605000000000004
2020-06-04,9.56,9.571186816661234,9.590000000000003
2020-06-05,9.62,9.603728938887079,9.590000000000003
2020-06-08,9.36,9.441242979629026,9.490000000000002
2020-06-09,6.54,7.507080993209676,7.950000000000003
2020-06-10,6.76,7.009026997736559,6.650000000000004
2020-06-11,6.68,6.789675665912186,6.720000000000003
2020-06-12,6.47,6.576558555304062,6.575000000000003
2020-06-15,6.52,6.53885285176802,6.495000000000003
2020-06-16,6.37,6.426284283922674,6.445000000000004
2020-06-17,6.34,6.368761427974224,6.355000000000004
2020-06-18,6.24,6.282920475991408,6.290000000000004
2020-06-19,6.3,6.2943068253304695,6.270000000000003
2020-06-22,6.26,6.27143560844349,6.280000000000003
2020-06-23,6.32,6.303811869481163,6.290000000000004
2020-06-24,6.29,6.294603956493721,6.305000000000003
2020-06-29,6.2,6.231534652164574,6.245000000000004
2020-06-30,6.18,6.197178217388191,6.190000000000003
2020-07-01,6.17,6.179059405796064,6.175000000000003
2020-07-02,6.16,6.1663531352653544,6.165000000000004
2020-07-03,6.37,6.302117711755119,6.265000000000004
2020-07-06,6.54,6.460705903918373,6.455000000000004
2020-07-07,6.95,6.786901967972791,6.745000000000004
2020-07-08,7.15,7.028967322657597,7.050000000000004
2020-07-09,7.73,7.496322440885866,7.440000000000004
2020-07-10,8.28,8.018774146961954,8.005000000000003
2020-07-13,8.08,8.059591382320653,8.180000000000003
2020-07-14,7.83,7.90653046077355,7.955000000000004
2020-07-15,7.94,7.928843486924517,7.885000000000003
2020-07-16,7.75,7.8096144956415054,7.845000000000004
2020-07-17,7.65,7.703204831880502,7.700000000000004
2020-07-20,7.37,7.4810682772935,7.510000000000003
2020-07-21,7.45,7.460356092431167,7.410000000000004
2020-07-22,7.53,7.506785364143723,7.490000000000004
2020-07-23,7.5,7.502261788047908,7.515000000000004
2020-07-24,7.35,7.400753929349302,7.425000000000003
2020-07-27,7.0,7.133584643116435,7.175000000000003
2020-07-28,6.95,7.011194881038811,6.975000000000003
2020-07-29,7.15,7.103731627012937,7.050000000000004
2020-07-30,7.27,7.214577209004312,7.2100000000000035
2020-07-31,7.17,7.184859069668104,7.220000000000003
2020-08-03,7.18,7.181619689889367,7.175000000000003
2020-08-04,7.24,7.220539896629789,7.2100000000000035
2020-08-05,7.11,7.14684663220993,7.175000000000004
2020-08-06,7.1,7.115615544069976,7.105000000000004
2020-08-07,7.0,7.038538514689992,7.050000000000003
2020-08-10,7.02,7.026179504896664,7.010000000000003
2020-08-11,7.68,7.4620598349655545,7.350000000000003
2020-08-12,7.54,7.514019944988519,7.610000000000003
2020-08-13,8.06,7.878006648329507,7.800000000000004
2020-08-14,7.86,7.866002216109837,7.960000000000004
2020-08-17,7.62,7.702000738703279,7.740000000000004
2020-08-18,7.62,7.64733357956776,7.62
2020-08-19,8.25,8.049111193189253,7.935000000000004
2020-08-20,7.63,7.7697037310630845,7.940000000000003
2020-08-21,7.77,7.769901243687695,7.700000000000003
2020-08-24,7.52,7.603300414562565,7.645000000000003
2020-08-25,7.38,7.454433471520855,7.450000000000003
2020-08-26,7.35,7.384811157173618,7.365000000000004
2020-08-27,7.19,7.254937052391206,7.270000000000003
2020-08-28,7.17,7.198312350797068,7.180000000000003
2020-08-31,7.44,7.35943745026569,7.305000000000003
2020-09-01,7.29,7.31314581675523,7.365000000000004
2020-09-02,7.26,7.2777152722517435,7.275000000000004
2020-09-03,7.28,7.279238424083914,7.270000000000003
2020-09-04,7.16,7.199746141361305,7.220000000000004
2020-09-07,7.2,7.199915380453768,7.180000000000003
2020-09-08,7.05,7.099971793484589,7.1250000000000036
2020-09-09,6.98,7.019990597828197,7.015000000000004
2020-09-10,6.79,6.866663532609398,6.885000000000003
2020-09-11,6.65,6.722221177536466,6.720000000000004
2020-09-14,6.84,6.800740392512155,6.745000000000004
2020-09-15,6.65,6.700246797504051,6.745000000000004
2020-09-16,6.75,6.7334155991680165,6.700000000000004
2020-09-17,6.63,6.664471866389339,6.690000000000003
2020-09-18,6.69,6.68149062212978,6.660000000000004
2020-09-21,6.94,6.8538302073765935,6.815000000000004
2020-09-22,6.85,6.851276735792197,6.895000000000003
2020-09-23,6.75,6.783758911930732,6.800000000000003
2020-09-24,6.66,6.701252970643577,6.705000000000004
2020-09-25,6.73,6.720417656881192,6.695000000000004
2020-09-28,6.71,6.71347255229373,6.720000000000004
2020-09-29,6.55,6.604490850764577,6.6300000000000034
2020-09-30,6.82,6.748163616921526,6.685000000000004
2020-10-09,7.03,6.936054538973842,6.925000000000004
2020-10-12,6.99,6.9720181796579475,7.010000000000003
2020-10-13,6.96,6.964006059885982,6.975000000000003
2020-10-14,7.16,7.094668686628661,7.060000000000004
2020-10-15,7.23,7.1848895622095545,7.195000000000004
2020-10-16,7.19,7.188296520736518,7.210000000000004
2020-10-19,7.15,7.162765506912173,7.1700000000000035
2020-10-20,7.04,7.08092183563739,7.095000000000004
2020-10-21,7.04,7.053640611879129,7.04
2020-10-22,6.95,6.984546870626377,6.995000000000004
2020-10-23,7.04,7.021515623542125,6.995000000000004
2020-10-26,6.96,6.980505207847375,7.0000000000000036
2020-10-27,7.15,7.0935017359491255,7.055000000000003
2020-10-28,7.2,7.164500578649708,7.175000000000004
2020-10-29,7.19,7.181500192883237,7.195000000000004
2020-10-30,7.12,7.140500064294412,7.155000000000004
2020-11-02,6.98,7.033500021431471,7.050000000000004
2020-11-03,6.96,6.984500007143823,6.970000000000004
2020-11-04,6.98,6.981500002381274,6.970000000000004
2020-11-05,7.14,7.0871666674604255,7.060000000000004
2020-11-06,7.25,7.1957222224868085,7.195000000000004
2020-11-09,7.25,7.231907407495602,7.25
2020-11-10,7.29,7.270635802498535,7.270000000000003
2020-11-11,7.21,7.230211934166178,7.2500000000000036
2020-11-12,7.15,7.1767373113887265,7.180000000000003
2020-11-13,7.27,7.238912437129575,7.2100000000000035
2020-11-16,7.35,7.312970812376524,7.310000000000003
2020-11-17,7.88,7.690990270792175,7.615000000000004
2020-11-18,8.58,8.28366342359739,8.230000000000004
2020-11-19,7.18,7.547887807865796,7.8800000000000034
2020-11-20,6.95,7.149295935955266,7.065000000000003
2020-11-23,6.86,6.9564319786517546,6.905000000000003
2020-11-24,6.85,6.885477326217251,6.855000000000002
2020-11-25,6.79,6.82182577540575,6.820000000000002
2020-11-26,6.63,6.69394192513525,6.710000000000003
2020-11-27,6.59,6.6246473083784165,6.610000000000003
2020-11-30,6.62,6.621549102792805,6.605000000000002
2020-12-01,6.59,6.600516367597602,6.605000000000002
2020-12-02,6.57,6.5801721225325345,6.580000000000003
2020-12-03,6.49,6.520057374177512,6.530000000000003
2020-12-04,6.55,6.540019124725838,6.520000000000003
2020-12-07,6.72,6.660006374908612,6.6350000000000025
2020-12-08,6.63,6.640002124969537,6.6750000000000025
2020-12-09,6.53,6.566667374989845,6.580000000000003
2020-12-10,6.5,6.522222458329948,6.515000000000002
2020-12-11,6.43,6.460740819443316,6.4650000000000025
2020-12-14,6.38,6.406913606481105,6.405000000000003
2020-12-15,6.61,6.5423045354937015,6.495000000000003
2020-12-16,6.46,6.487434845164567,6.535000000000003
2020-12-17,6.41,6.435811615054856,6.435000000000002
2020-12-18,6.41,6.418603871684952,6.41
2020-12-21,6.42,6.419534623894983,6.415000000000003
2020-12-22,6.4,6.406511541298328,6.410000000000003
2020-12-23,6.35,6.368837180432776,6.375000000000003
2020-12-24,6.12,6.202945726810925,6.235000000000003
2020-12-25,6.09,6.127648575603641,6.105000000000002
2020-12-28,6.05,6.0758828585345475,6.070000000000002
2020-12-29,5.83,5.91196095284485,5.940000000000003
2020-12-30,5.67,5.7506536509482835,5.750000000000003
2020-12-31,5.65,5.683551216982761,5.660000000000003
2021-01-04,5.69,5.687850405660921,5.6700000000000035
2021-01-05,5.6,5.62928346855364,5.645000000000003
2021-01-06,5.54,5.569761156184547,5.570000000000002
2021-01-07,5.43,5.476587052061515,5.485000000000003
2021-01-08,5.28,5.345529017353839,5.355000000000002
2021-01-11,5.22,5.261843005784613,5.250000000000003
2021-01-12,5.18,5.207281001928204,5.200000000000003
2021-01-13,5.15,5.169093667309402,5.165000000000003
2021-01-14,5.06,5.0963645557698,5.105000000000002
2021-01-15,5.22,5.1787881852566,5.140000000000002
2021-01-18,5.31,5.266262728418867,5.265000000000002
2021-01-19,5.43,5.375420909472955,5.370000000000003
2021-01-20,5.29,5.318473636490985,5.360000000000003
2021-01-21,5.28,5.2928245454969955,5.285000000000003
2021-01-22,5.28,5.284274848498999,5.28
2021-01-25,5.12,5.174758282832999,5.200000000000003
2021-01-26,5.14,5.151586094277666,5.130000000000003
2021-01-27,5.18,5.170528698092554,5.160000000000002
2021-01-28,5.62,5.4701762326975185,5.400000000000002
2021-01-29,5.38,5.410058744232505,5.500000000000003
2021-02-01,5.17,5.250019581410835,5.275000000000002
2021-02-02,5.2,5.2166731938036115,5.185000000000002
2021-02-03,5.01,5.078891064601204,5.105000000000002
2021-02-04,4.85,4.926297021533735,4.930000000000002
2021-02-05,4.67,4.755432340511245,4.7600000000000025
2021-02-08,4.46,4.558477446837082,4.565000000000003
2021-02-09,4.56,4.559492482279027,4.5100000000000025
2021-02-10,4.8,4.7198308274263425,4.680000000000002
2021-02-18,5.05,4.939943609142114,4.9250000000000025
2021-02-19,5.5,5.313314536380704,5.275000000000002
2021-02-22,5.52,5.451104845460235,5.5100000000000025
2021-02-23,5.37,5.397034948486745,5.445000000000002
2021-02-24,5.28,5.3190116494955815,5.325000000000003
2021-02-25,5.18,5.226337216498528,5.230000000000002
2021-02-26,5.03,5.095445738832843,5.105000000000002
2021-03-01,5.09,5.091815246277615,5.060000000000002
2021-03-02,5.12,5.110605082092538,5.105000000000002
2021-03-03,5.14,5.130201694030846,5.130000000000003
2021-03-04,5.17,5.156733898010281,5.155000000000003
2021-03-05,5.17,5.1655779660034264,5.17
2021-03-08,5.29,5.248525988667809,5.230000000000002
2021-03-09,5.22,5.22950866288927,5.255000000000003
2021-03-10,5.1,5.143169554296423,5.160000000000002
2021-03-11,5.0,5.047723184765474,5.0500000000000025
2021-03-12,4.99,5.009241061588491,4.995000000000003
2021-03-15,5.25,5.169747020529496,5.120000000000003
2021-03-16,5.1,5.123249006843165,5.1750000000000025
2021-03-17,5.07,5.087749668947722,5.085000000000003
2021-03-18,5.04,5.055916556315907,5.055000000000003
2021-03-19,5.33,5.238638852105303,5.185000000000002
2021-03-22,5.34,5.3062129507017675,5.335000000000003
2021-03-23,5.33,5.322070983567255,5.335000000000003
2021-03-24,5.42,5.387356994522418,5.375000000000003
2021-03-25,5.79,5.655785664840806,5.605000000000002
2021-03-26,5.86,5.791928554946935,5.825000000000003
2021-03-29,5.94,5.8906428516489795,5.900000000000003
2021-03-30,5.56,5.670214283882992,5.750000000000003
2021-03-31,5.52,5.570071427960997,5.540000000000003
2021-04-01,5.45,5.4900238093203315,5.485000000000003
2021-04-02,5.37,5.410007936440111,5.410000000000003
2021-04-06,5.32,5.3500026454800365,5.345000000000002
2021-04-07,5.27,5.296667548493345,5.295000000000003
2021-04-08,5.26,5.272222516164448,5.265000000000002
2021-04-09,5.52,5.4374075053881485,5.390000000000002
2021-04-12,5.45,5.44580250179605,5.485000000000003
2021-04-13,5.28,5.335267500598683,5.365000000000003
2021-04-14,5.23,5.265089166866228,5.255000000000003
2021-04-15,5.72,5.568363055622076,5.475000000000003
2021-04-16,5.91,5.796121018540692,5.815000000000003
2021-04-19,6.5,6.265373672846898,6.205000000000003
2021-04-20,5.94,6.048457890948966,6.220000000000002
2021-04-21,6.03,6.036152630316322,5.985000000000003
2021-04-22,6.19,6.138717543438774,6.110000000000003
2021-04-23,5.9,5.9795725144795915,6.0450000000000035
2021-04-26,5.72,5.806524171493197,5.810000000000002
2021-04-27,5.91,5.875508057164399,5.815000000000003
2021-04-28,6.41,6.2318360190548,6.160000000000003
2021-04-29,6.35,6.3106120063516,6.380000000000003
2021-04-30,6.06,6.1435373354505325,6.205000000000002
2021-05-06,6.12,6.127845778483511,6.0900000000000025
2021-05-07,6.3,6.242615259494504,6.210000000000003
2021-05-10,6.63,6.500871753164835,6.4650000000000025
2021-05-11,6.26,6.340290584388278,6.445000000000002
2021-05-12,6.13,6.200096861462758,6.195000000000002
2021-05-13,6.06,6.10669895382092,6.095000000000002
2021-05-14,6.0,6.035566317940307,6.030000000000003
2021-05-17,5.79,5.8718554393134355,5.895000000000003
2021-05-18,5.75,5.790618479771145,5.770000000000003
2021-05-19,5.72,5.743539493257049,5.735000000000003
2021-05-20,5.6,5.64784649775235,5.660000000000002
2021-05-21,5.82,5.762615499250784,5.710000000000003
2021-05-24,5.83,5.807538499750262,5.825000000000003
2021-05-25,5.77,5.782512833250087,5.8000000000000025
2021-05-26,5.78,5.780837611083363,5.775000000000002
2021-05-27,5.76,5.766945870361121,5.770000000000003
2021-05-28,5.78,5.775648623453708,5.770000000000003
2021-05-31,5.83,5.81188287448457,5.805000000000003
2021-06-01,6.37,6.183960958161523,6.100000000000003
2021-06-02,6.36,6.301320319387174,6.365000000000003
2021-06-03,6.18,6.220440106462391,6.270000000000003
2021-06-04,6.04,6.10014670215413,6.110000000000003
2021-06-07,5.77,5.880048900718044,5.905000000000003
2021-06-08,5.85,5.860016300239348,5.810000000000002
2021-06-09,5.8,5.820005433413115,5.825000000000003
2021-06-10,5.66,5.7133351444710385,5.730000000000002
2021-06-11,5.6,5.637778381490346,5.630000000000003
2021-06-15,5.53,5.565926127163448,5.565000000000003
2021-06-16,5.33,5.408642042387815,5.430000000000003
2021-06-17,5.33,5.356214014129272,5.33
2021-06-18,5.23,5.272071338043091,5.280000000000003
2021-06-21,5.25,5.257357112681031,5.240000000000003
2021-06-22,5.31,5.292452370893677,5.280000000000003
2021-06-23,5.27,5.2774841236312255,5.290000000000003
2021-06-24,5.25,5.2591613745437416,5.2600000000000025
2021-06-25,5.41,5.359720458181247,5.330000000000003
2021-06-28,5.37,5.366573486060415,5.390000000000002
2021-06-29,5.29,5.315524495353472,5.330000000000003
2021-06-30,5.27,5.285174831784491,5.280000000000003
2021-07-01,5.25,5.261724943928164,5.2600000000000025
2021-07-02,5.31,5.293908314642721,5.280000000000003
2021-07-05,5.31,5.304636104880907,5.31
2021-07-06,5.26,5.274878701626968,5.285000000000002
2021-07-07,5.26,5.264959567208989,5.26
2021-07-08,5.18,5.20831985573633,5.220000000000002
2021-07-09,5.09,5.1294399519121106,5.1350000000000025
2021-07-12,5.15,5.14314665063737,5.120000000000003
2021-07-13,5.12,5.127715550212457,5.135000000000003
2021-07-14,5.1,5.109238516737485,5.110000000000003
2021-07-15,5.04,5.063079505579162,5.070000000000002
2021-07-16,4.99,5.014359835193054,5.015000000000002
2021-07-19,4.92,4.951453278397685,4.955000000000003
2021-07-20,5.03,5.003817759465895,4.975000000000003
2021-07-21,5.4,5.267939253155299,5.215000000000003
2021-07-22,5.09,5.149313084385099,5.245000000000003
2021-07-23,4.99,5.0431043614617,5.040000000000003
2021-07-26,4.67,4.794368120487234,4.830000000000003
2021-07-27,4.4,4.5314560401624115,4.535000000000003
2021-07-28,4.57,4.55715201338747,4.485000000000003
2021-07-29,4.96,4.825717337795823,4.765000000000002
2021-07-30,4.76,4.781905779265274,4.860000000000003
2021-08-02,4.65,4.6939685930884245,4.705000000000003
2021-08-03,4.65,4.664656197696142,4.65
2021-08-04,4.69,4.681552065898714,4.6700000000000035
2021-08-05,4.49,4.553850688632905,4.590000000000003
2021-08-06,4.39,4.444616896210968,4.440000000000003
2021-08-09,4.4,4.414872298736989,4.395000000000003
2021-08-10,4.44,4.431624099578997,4.4200000000000035
2021-08-11,4.42,4.423874699859666,4.430000000000003
2021-08-12,4.6,4.541291566619889,4.5100000000000025
2021-08-13,4.47,4.493763855539963,4.535000000000002
2021-08-16,4.52,4.511254618513321,4.495000000000003
2021-08-17,4.48,4.490418206171107,4.500000000000003
2021-08-18,4.45,4.463472735390369,4.465000000000003
2021-08-19,4.54,4.51449091179679,4.495000000000003
2021-08-20,4.6,4.57149697059893,4.570000000000002
2021-08-23,4.8,4.723832323532977,4.700000000000003
2021-08-24,4.7,4.707944107844326,4.750000000000003
2021-08-25,4.99,4.895981369281443,4.845000000000002
2021-08-26,5.07,5.011993789760481,5.030000000000003
2021-08-27,4.94,4.96399792992016,5.005000000000003
2021-08-30,4.85,4.887999309973387,4.895000000000003
2021-08-31,4.74,4.789333103324463,4.795000000000003
2021-09-01,4.6,4.663111034441488,4.670000000000003
2021-09-02,4.53,4.574370344813829,4.565000000000003
2021-09-03,4.51,4.53145678160461,4.520000000000003
2021-09-06,4.5,4.510485593868204,4.505000000000003
2021-09-07,4.5,4.503495197956068,4.5
2021-09-08,4.55,4.534498399318689,4.525000000000002
2021-09-09,4.68,4.631499466439563,4.615000000000002
2021-09-10,4.62,4.623833155479854,4.650000000000002
2021-09-13,4.47,4.521277718493285,4.545000000000003
2021-09-14,4.44,4.4670925728310955,4.455000000000003
2021-09-15,4.31,4.3623641909436985,4.375000000000003
2021-09-16,4.37,4.3674547303145665,4.3400000000000025
2021-09-17,4.24,4.282484910104856,4.305000000000003
2021-09-22,4.21,4.234161636701619,4.225000000000003
2021-09-23,4.26,4.2513872122338725,4.235000000000003
2021-09-24,4.27,4.26379573741129,4.265000000000002
2021-09-27,4.21,4.227931912470431,4.240000000000002
2021-09-28,4.07,4.122643970823478,4.140000000000002
2021-09-29,4.06,4.080881323607826,4.065000000000003
2021-09-30,4.05,4.060293774535942,4.055000000000002
2021-10-08,4.13,4.10676459151198,4.0900000000000025
2021-10-11,4.14,4.128921530503994,4.1350000000000025
2021-10-12,4.14,4.136307176834664,4.14
2021-10-13,4.26,4.218769058944887,4.200000000000003
2021-10-14,4.3,4.272923019648296,4.280000000000003
2021-10-15,4.13,4.177641006549432,4.2150000000000025
2021-10-18,4.09,4.11921366884981,4.110000000000003
2021-10-19,4.09,4.099737889616603,4.09
2021-10-20,4.02,4.046579296538867,4.055000000000002
2021-10-21,4.02,4.028859765512955,4.02
2021-10-22,3.97,3.9896199218376522,3.9950000000000028
2021-10-25,3.92,3.943206640612551,3.945000000000003
2021-10-26,3.85,3.8810688802041837,3.8850000000000025
2021-10-27,3.8,3.8270229600680614,3.825000000000003
2021-10-28,3.75,3.7756743200226874,3.7750000000000026
2021-10-29,3.73,3.7452247733408957,3.740000000000003
2021-11-01,3.72,3.7284082577802984,3.7250000000000028
2021-11-02,3.73,3.7294694192601,3.7250000000000028
2021-11-03,3.72,3.7231564730867,3.7250000000000028
2021-11-04,3.65,3.6743854910289,3.6850000000000027
2021-11-05,3.71,3.6981284970096335,3.6800000000000024
2021-11-08,3.68,3.6860428323365446,3.695000000000003
2021-11-09,3.7,3.6953476107788483,3.690000000000003
2021-11-10,3.71,3.705115870259616,3.7050000000000027
2021-11-11,3.81,3.775038623419872,3.7600000000000025
2021-11-12,3.77,3.771679541139957,3.7900000000000027
2021-11-15,3.83,3.8105598470466524,3.8000000000000025
2021-11-16,3.84,3.8301866156822175,3.8350000000000026
2021-11-17,3.8,3.8100622052274056,3.8200000000000025
2021-11-18,3.79,3.7966874017424685,3.7950000000000026
2021-11-19,3.75,3.7655624672474897,3.7700000000000027
2021-11-22,3.77,3.76852082241583,3.7600000000000025
2021-11-23,3.81,3.796173607471944,3.7900000000000027
2021-11-24,3.82,3.8120578691573144,3.8150000000000026
2021-11-25,3.87,3.8506859563857714,3.8450000000000024
2021-11-26,3.85,3.8502286521285907,3.860000000000003
2021-11-29,3.83,3.8367428840428635,3.8400000000000025
2021-11-30,3.88,3.865580961347621,3.8550000000000026
2021-12-01,3.82,3.83519365378254,3.8500000000000023
2021-12-02,3.88,3.8650645512608466,3.8500000000000023
2021-12-03,4.07,4.001688183753616,3.9750000000000023
2021-12-06,3.9,3.9338960612512053,3.985000000000002
2021-12-07,3.82,3.8579653537504015,3.860000000000002
2021-12-08,3.75,3.785988451250134,3.785000000000002
2021-12-09,3.84,3.821996150416711,3.795000000000002
2021-12-10,3.83,3.8273320501389034,3.835000000000002
2021-12-13,3.8,3.809110683379634,3.815000000000002
2021-12-14,3.79,3.7963702277932114,3.795000000000002
2021-12-15,3.82,3.812123409264404,3.8050000000000024
2021-12-16,3.87,3.8507078030881345,3.8450000000000024
2021-12-17,3.85,3.8502359343627113,3.860000000000002
2021-12-20,3.85,3.8500786447875703,3.85
2021-12-21,4.15,4.050026214929191,4.000000000000003
2021-12-22,4.56,4.390008738309731,4.355000000000002
2021-12-23,4.24,4.290002912769911,4.400000000000002
2021-12-24,4.1,4.163334304256637,4.170000000000003
2021-12-27,4.03,4.074444768085546,4.065000000000003
2021-12-28,4.05,4.058148256028516,4.040000000000003
2021-12-29,4.15,4.119382752009506,4.100000000000003
2021-12-30,4.1,4.106460917336502,4.125000000000003
2021-12-31,4.09,4.0954869724455,4.095000000000002
2022-01-04,4.09,4.091828990815166,4.09
2022-01-05,4.13,4.117276330271722,4.110000000000003
2022-01-06,4.09,4.099092110090574,4.110000000000003
2022-01-07,4.1,4.099697370030191,4.095000000000002
2022-01-10,4.08,4.086565790010064,4.0900000000000025
2022-01-11,4.26,4.2021885966700205,4.170000000000003
2022-01-12,4.22,4.214062865556674,4.240000000000002
2022-01-13,4.28,4.258020955185558,4.250000000000003
2022-01-14,4.24,4.246006985061853,4.260000000000003
2022-01-17,4.14,4.175335661687284,4.190000000000003
2022-01-18,4.15,4.158445220562428,4.145000000000003
2022-01-19,4.07,4.099481740187476,4.110000000000003
2022-01-20,4.07,4.079827246729159,4.07
2022-01-21,3.93,3.9799424155763865,4.000000000000003
2022-01-24,4.03,4.0133141385254625,3.980000000000003
2022-01-25,3.92,3.9511047128418206,3.975000000000003
2022-01-26,3.8,3.85036823761394,3.8600000000000025
2022-01-27,3.75,3.783456079204647,3.7750000000000026
2022-01-28,3.91,3.867818693068216,3.8300000000000027
2022-02-07,3.98,3.9426062310227388,3.945000000000003
2022-02-08,4.17,4.094202077007579,4.075000000000003
2022-02-09,4.45,4.331400692335859,4.310000000000002
2022-02-10,4.76,4.617133564111953,4.605000000000002
2022-02-11,5.24,5.032377854703984,5.000000000000003
2022-02-14,5.76,5.517459284901328,5.500000000000003
2022-02-15,6.34,6.065819761633776,6.0500000000000025
2022-02-16,6.97,6.668606587211258,6.655000000000003
2022-02-17,6.92,6.836202195737086,6.945000000000002
2022-02-18,6.33,6.498734065245696,6.625000000000003
2022-02-21,6.7,6.632911355081899,6.515000000000002
2022-02-22,7.37,7.1243037850273,7.035000000000003
2022-02-23,8.11,7.7814345950091,7.740000000000002
2022-02-24,7.87,7.840478198336367,7.990000000000002
2022-02-25,7.5,7.613492732778789,7.685000000000002
2022-02-28,6.56,6.911164244259596,7.030000000000001
2022-03-01,6.56,6.677054748086532,6.56
2022-03-02,6.99,6.885684916028844,6.775000000000002
2022-03-03,7.5,7.295228305342948,7.245000000000002
2022-03-04,8.2,7.898409435114316,7.850000000000001
2022-03-07,8.27,8.146136478371439,8.235000000000001
2022-03-08,9.1,8.782045492790479,8.685000000000002
2022-03-09,7.16,7.700681830930161,8.130000000000003
2022-03-10,7.25,7.400227276976721,7.205000000000002
2022-03-11,6.83,7.020075758992241,7.040000000000002
2022-03-14,6.3,6.540025252997413,6.565000000000001
2022-03-15,5.6,5.9133417509991375,5.950000000000001
2022-03-16,5.69,5.764447250333046,5.645000000000001
2022-03-17,5.83,5.8081490834443485,5.760000000000002
2022-03-18,5.7,5.736049694481449,5.765000000000002
2022-03-21,5.66,5.685349898160482,5.6800000000000015
2022-03-22,5.97,5.875116632720161,5.815000000000001
2022-03-23,5.98,5.945038877573388,5.975000000000001
2022-03-24,5.87,5.895012959191129,5.9250000000000025
2022-03-25,6.03,5.985004319730376,5.950000000000002
2022-03-28,6.06,6.0350014399101255,6.045000000000002
2022-03-29,6.49,6.338333813303375,6.275000000000002
2022-03-30,6.74,6.606111271101125,6.615000000000002
2022-03-31,6.0,6.202037090367042,6.370000000000002
2022-04-01,5.89,5.99401236345568,5.945000000000002
2022-04-06,5.95,5.96467078781856,5.920000000000002
2022-04-07,5.67,5.76822359593952,5.810000000000002
2022-04-08,5.44,5.5494078653131735,5.5550000000000015
2022-04-11,5.2,5.316469288437724,5.320000000000002
2022-04-12,5.5,5.438823096145907,5.350000000000001
2022-04-13,5.19,5.272941032048636,5.345000000000002
2022-04-14,5.08,5.144313677349545,5.135000000000002
2022-04-15,4.92,4.994771225783182,5.000000000000002
2022-04-18,4.69,4.791590408594394,4.8050000000000015
2022-04-19,4.71,4.737196802864798,4.700000000000002
2022-04-20,4.71,4.7190656009549325,4.71
2022-04-21,4.72,4.719688533651644,4.715000000000002
2022-04-22,4.3,4.439896177883881,4.510000000000002
2022-04-25,4.12,4.226632059294627,4.210000000000002
2022-04-26,3.88,3.995544019764876,4.000000000000002
2022-04-27,3.73,3.8185146732549584,3.8050000000000015
2022-04-28,3.76,3.779504891084986,3.745000000000002
2022-04-29,3.86,3.8331682970283283,3.8100000000000014
2022-05-05,3.96,3.917722765676109,3.910000000000002
2022-05-06,3.97,3.95257425522537,3.9650000000000016
2022-05-09,4.08,4.03752475174179,4.025000000000002
2022-05-10,4.39,4.2725082505805965,4.235000000000001
2022-05-11,4.2,4.224169416860199,4.295000000000002
2022-05-12,4.25,4.2413898056200665,4.225000000000001
2022-05-13,4.24,4.240463268540022,4.245000000000001
2022-05-16,4.22,4.226821089513341,4.230000000000001
2022-05-17,4.09,4.13560702983778,4.155000000000001
2022-05-18,4.2,4.178535676612594,4.145000000000001
2022-05-19,4.34,4.286178558870865,4.270000000000001
2022-05-20,4.25,4.262059519623622,4.295000000000002
2022-05-23,4.5,4.420686506541208,4.375000000000002
2022-05-24,4.47,4.453562168847069,4.485000000000001
2022-05-25,4.1,4.217854056282356,4.285000000000001
2022-05-26,4.12,4.152618018760785,4.110000000000001
2022-05-27,4.29,4.244206006253595,4.205000000000002
2022-05-30,4.36,4.321402002084532,4.325000000000001
2022-05-31,4.17,4.220467334028178,4.2650000000000015
2022-06-01,4.12,4.153489111342726,4.145000000000001
2022-06-02,4.03,4.071163037114242,4.075000000000001
2022-06-06,3.94,3.9837210123714137,3.985000000000001
2022-06-07,4.0,3.994573670790471,3.970000000000001
2022-06-08,3.97,3.9781912235968235,3.985000000000001
2022-06-09,3.86,3.899397074532274,3.915000000000001
2022-06-10,3.76,3.8064656915107578,3.810000000000001
2022-06-13,3.87,3.8488218971702524,3.8150000000000013
2022-06-14,3.81,3.8229406323900843,3.840000000000001
2022-06-15,3.92,3.8876468774633612,3.865000000000001
2022-06-16,4.2,4.095882292487787,4.060000000000001
2022-06-17,4.52,4.378627430829262,4.360000000000001
2022-06-20,4.45,4.426209143609754,4.485000000000001
2022-06-21,4.26,4.315403047869918,4.355
2022-06-22,4.19,4.2318010159566395,4.225000000000001
2022-06-23,4.13,4.163933671985546,4.160000000000001
2022-06-24,4.02,4.067977890661848,4.075000000000001
2022-06-27,4.0,4.022659296887283,4.010000000000001
2022-06-28,3.95,3.974219765629094,3.975000000000001
2022-06-29,3.98,3.9780732552096985,3.9650000000000007
2022-06-30,3.98,3.979357751736566,3.98
2022-07-01,3.89,3.919785917245522,3.935000000000001
2022-07-04,3.85,3.873261972415174,3.870000000000001
2022-07-05,3.87,3.8710873241383914,3.860000000000001
2022-07-06,3.87,3.870362441379464,3.87
2022-07-07,4.13,4.043454147126488,4.000000000000001
2022-07-08,4.46,4.321151382375496,4.295000000000001
2022-07-11,4.33,4.327050460791832,4.395000000000001
2022-07-12,4.35,4.342350153597277,4.340000000000001
2022-07-13,4.55,4.480783384532425,4.450000000000001
2022-07-14,4.95,4.793594461510808,4.750000000000001
2022-07-15,4.88,4.851198153836936,4.915000000000001
2022-07-18,4.83,4.8370660512789785,4.855
2022-07-19,4.88,4.86568868375966,4.855
2022-07-20,4.82,4.835229561253221,4.850000000000001
2022-07-21,4.74,4.771743187084407,4.780000000000001
2022-07-22,4.56,4.630581062361469,4.65
2022-07-25,4.65,4.643527020787157,4.605
2022-07-26,4.91,4.821175673595719,4.780000000000001
2022-07-27,5.2,5.073725224531906,5.0550000000000015
2022-07-28,5.5,5.357908408177302,5.350000000000001
2022-07-29,5.08,5.172636136059101,5.290000000000001
2022-08-01,4.95,5.024212045353034,5.015000000000001
2022-08-02,4.72,4.821404015117678,4.835000000000001
2022-08-03,4.39,4.533801338372559,4.555000000000001
2022-08-04,4.23,4.3312671127908535,4.3100000000000005
2022-08-05,4.2,4.243755704263617,4.215000000000002
2022-08-08,4.37,4.327918568087873,4.285000000000001
2022-08-09,4.56,4.4826395226959574,4.465000000000001
2022-08-10,4.52,4.507546507565319,4.540000000000001
2022-08-11,4.81,4.7091821691884395,4.665000000000001
2022-08-12,4.8,4.769727389729479,4.805000000000001
2022-08-15,5.14,5.016575796576493,4.970000000000001
2022-08-16,5.06,5.045525265525497,5.1000000000000005
2022-08-17,5.19,5.141841755175165,5.125000000000001
2022-08-18,4.92,4.9939472517250545,5.0550000000000015
2022-08-19,4.92,4.9446490839083515,4.92
2022-08-22,4.77,4.8282163613027835,4.845000000000001
2022-08-23,4.64,4.702738787100928,4.705
2022-08-24,4.54,4.594246262366976,4.590000000000001
2022-08-25,4.35,4.4314154207889915,4.445
2022-08-26,4.43,4.430471806929663,4.390000000000001
2022-08-29,4.49,4.470157268976554,4.460000000000001
2022-08-30,4.51,4.496719089658851,4.500000000000001
2022-08-31,4.42,4.445573029886283,4.465000000000001
2022-09-01,4.34,4.375191009962094,4.380000000000001
2022-09-02,4.35,4.358397003320698,4.345000000000001
2022-09-05,4.33,4.339465667773566,4.340000000000001
2022-09-06,4.32,4.326488555924523,4.325000000000001
2022-09-07,4.29,4.302162851974841,4.3050000000000015
2022-09-08,4.22,4.2473876173249465,4.255000000000001
2022-09-09,4.2,4.215795872441649,4.210000000000001
2022-09-13,4.22,4.218598624147216,4.210000000000001
2022-09-14,4.17,4.186199541382405,4.195
2022-09-15,4.13,4.148733180460802,4.15
2022-09-16,3.98,4.0362443934869345,4.055000000000001
2022-09-19,3.82,3.8920814644956447,3.900000000000001
2022-09-20,3.89,3.890693821498548,3.855000000000001
2022-09-21,3.93,3.9168979404995157,3.910000000000001
2022-09-22,3.94,3.9322993134998385,3.935000000000001
2022-09-23,3.87,3.8907664378332796,3.905000000000001
2022-09-26,3.69,3.756922145944426,3.780000000000001
2022-09-27,3.93,3.8723073819814755,3.810000000000001
2022-09-28,3.88,3.877435793993825,3.905000000000001
2022-09-29,3.84,3.852478597997942,3.8600000000000008
2022-09-30,3.74,3.777492865999314,3.790000000000001
2022-10-10,3.69,3.719164288666438,3.7150000000000007
2022-10-11,3.75,3.739721429555479,3.7200000000000006
2022-10-12,3.75,3.746573809851826,3.75
2022-10-13,3.88,3.835524603283942,3.815000000000001
